province,region,search_region,region_lat,region_lng
ԵՐԵՎԱՆ,ԱՎԱՆ,"ԵՐԵՎԱՆ,ԱՎԱՆ",40.3351948,44.1685681
ԵՐԵՎԱՆ,ԷՐԵԲՈՒՆԻ,"ԵՐԵՎԱՆ,ԷՐԵԲՈՒՆԻ",40.1434254,44.5336231
ԵՐԵՎԱՆ,ՆՈՒԲԱՐԱՇԵՆ,"ԵՐԵՎԱՆ,ՆՈՒԲԱՐԱՇԵՆ",40.09212435,44.5523035179168
ԱՐԱՐԱՏ,ՄԱՍԻՍ,"ԱՐԱՐԱՏ,ՄԱՍԻՍ",40.0617279,44.4427915
ԱՐԱՐԱՏ,ԱԲՈՎՅԱՆ,"ԱՐԱՐԱՏ,ԱԲՈՎՅԱՆ",40.0481052,44.5493838
ԱՐԱՐԱՏ,ԱԶԱՏԱՇԵՆ,"ԱՐԱՐԱՏ,ԱԶԱՏԱՇԵՆ",40.1345124,44.4145917
ԱՐԱՐԱՏ,ԱՅՆԹԱՊ,"ԱՐԱՐԱՏ,ԱՅՆԹԱՊ",40.0940199,44.4686556499227
ԱՐԱՐԱՏ,ԱՐԲԱԹ,"ԱՐԱՐԱՏ,ԱՐԲԱԹ",40.1393001,44.4008663
ԱՐԱՐԱՏ,ԱՐԳԱՎԱՆԴ,"ԱՐԱՐԱՏ,ԱՐԳԱՎԱՆԴ",40.547421,44.958809
ԱՐԱՐԱՏ,ԱՐԵՎԱԲՈՒՅՐ,"ԱՐԱՐԱՏ,ԱՐԵՎԱԲՈՒՅՐ",40.0404902,44.4623667
ԱՐԱՐԱՏ,ԱՐԵՎՇԱՏ,"ԱՐԱՐԱՏ,ԱՐԵՎՇԱՏ",40.0404827,44.5429479
ԱՐԱՐԱՏ,ԲԱՐՁՐԱՇԵՆ,"ԱՐԱՐԱՏ,ԲԱՐՁՐԱՇԵՆ",40.0862516,44.5806956
ԱՐԱՐԱՏ,ԳԵՏԱԶԱՏ,"ԱՐԱՐԱՏ,ԳԵՏԱԶԱՏ",40.0375276,44.5656694
ԱՐԱՐԱՏ,ԳԵՏԱՓՆՅԱ,"ԱՐԱՐԱՏ,ԳԵՏԱՓՆՅԱ",40.1407293,44.4315433
ԱՐԱՐԱՏ,ԳԵՂԱՆԻՍՏ,"ԱՐԱՐԱՏ,ԳԵՂԱՆԻՍՏ",40.1461475,44.4281943
ԱՐԱՐԱՏ,ԴԱՇՏԱՎԱՆ,"ԱՐԱՐԱՏ,ԴԱՇՏԱՎԱՆ",40.1004444,44.391382
ԱՐԱՐԱՏ,ԴԱՐԱԿԵՐՏ,"ԱՐԱՐԱՏ,ԴԱՐԱԿԵՐՏ",40.1063063,44.4133255
ԱՐԱՐԱՏ,ԴԱՐԲՆԻԿ,"ԱՐԱՐԱՏ,ԴԱՐԲՆԻԿ",40.1086818,44.3795395
ԱՐԱՐԱՏ,ԶՈՐԱԿ,"ԱՐԱՐԱՏ,ԶՈՐԱԿ",40.0917473,44.3935417
ԱՐԱՐԱՏ,ԼԱՆՋԱԶԱՏ,"ԱՐԱՐԱՏ,ԼԱՆՋԱԶԱՏ",40.0613346,44.5770532
ԱՐԱՐԱՏ,ԽԱՉՓԱՐ,"ԱՐԱՐԱՏ,ԽԱՉՓԱՐ",40.1237473,44.4013813
ԱՐԱՐԱՏ,ՀԱՅԱՆԻՍՏ,"ԱՐԱՐԱՏ,ՀԱՅԱՆԻՍՏ",40.12174,44.3726711
ԱՐԱՐԱՏ,ՀՈՎՏԱՇԱՏ,"ԱՐԱՐԱՏ,ՀՈՎՏԱՇԱՏ",40.1032032,44.3443913
ԱՐԱՐԱՏ,ՂՈՒԿԱՍԱՎԱՆ,"ԱՐԱՐԱՏ,ՂՈՒԿԱՍԱՎԱՆ",40.127355,44.4189085
ԱՐԱՐԱՏ,ՄԱՐՄԱՐԱՇԵՆ,"ԱՐԱՐԱՏ,ՄԱՐՄԱՐԱՇԵՆ",40.0576593,44.4711542
ԱՐԱՐԱՏ,ՄՐԳԱՆՈՒՇ,"ԱՐԱՐԱՏ,ՄՐԳԱՆՈՒՇ",40.0267785,44.5582382
ԱՐԱՐԱՏ,ՆՈՐԱԲԱՑ,"ԱՐԱՐԱՏ,ՆՈՐԱԲԱՑ",40.1065098,44.4320152
ԱՐԱՐԱՏ,ՆՈՐԱՄԱՐԳ,"ԱՐԱՐԱՏ,ՆՈՐԱՄԱՐԳ",40.0226354,44.4235394
ԱՐԱՐԱՏ,ՆՈՐ ԽԱՐԲԵՐԴ,"ԱՐԱՐԱՏ,ՆՈՐ ԽԱՐԲԵՐԴ",40.0896697,44.4792319
ԱՐԱՐԱՏ,ՆՈՐ ԿՅՈՒՐԻՆ,"ԱՐԱՐԱՏ,ՆՈՐ ԿՅՈՒՐԻՆ",40.0746111,44.4978607
ԱՐԱՐԱՏ,ՆԻԶԱՄԻ,"ԱՐԱՐԱՏ,ՆԻԶԱՄԻ",40.0918433,44.4039562
ԱՐԱՐԱՏ,ՋՐԱՀՈՎԻՏ,"ԱՐԱՐԱՏ,ՋՐԱՀՈՎԻՏ",40.0435501,44.4721412
ԱՐԱՐԱՏ,ՋՐԱՇԵՆ,"ԱՐԱՐԱՏ,ՋՐԱՇԵՆ",40.0544374,44.5134176
ԱՐԱՐԱՏ,ՌԱՆՉՊԱՐ,"ԱՐԱՐԱՏ,ՌԱՆՉՊԱՐ",40.0275062,44.3670246
ԱՐԱՐԱՏ,ՍԱՅԱԹ-ՆՈՎԱ,"ԱՐԱՐԱՏ,ՍԱՅԱԹ-ՆՈՎԱ",40.0735565,44.3990564
ԱՐԱՐԱՏ,ՍԻՍ,"ԱՐԱՐԱՏ,ՍԻՍ",40.0593987,44.3827561
ԱՐԱՐԱՏ,ՍԻՓԱՆԻԿ,"ԱՐԱՐԱՏ,ՍԻՓԱՆԻԿ",40.0818862,44.3585498
ԱՐԱՐԱՏ,ՎԱՐԴԱՇԵՆ,"ԱՐԱՐԱՏ,ՎԱՐԴԱՇԵՆ",40.0312485,44.5603936587368
ԱՐԱՐԱՏ,ԱՐՏԱՇԱՏ,"ԱՐԱՐԱՏ,ԱՐՏԱՇԱՏ",39.87385825,44.56611315
ԱՐԱՐԱՏ,ԱՐԱՔՍԱՎԱՆ,"ԱՐԱՐԱՏ,ԱՐԱՔՍԱՎԱՆ",39.9998413,44.4686863
ԱՐԱՐԱՏ,ԱԶԱՏԱՎԱՆ,"ԱՐԱՐԱՏ,ԱԶԱՏԱՎԱՆ",39.9846713,44.5057493
ԱՐԱՐԱՏ,ԱՅԳԵՍՏԱՆ,"ԱՐԱՐԱՏ,ԱՅԳԵՍՏԱՆ",40.0027075,44.5581893
ԱՐԱՐԱՏ,ԱՅԳԵՊԱՏ,"ԱՐԱՐԱՏ,ԱՅԳԵՊԱՏ",39.9548795,44.5889099
ԱՐԱՐԱՏ,ԲՅՈՒՐԱՎԱՆ,"ԱՐԱՐԱՏ,ԲՅՈՒՐԱՎԱՆ",40.0167922,44.5187082734418
ԱՐԱՐԱՏ,ԲԱՂՐԱՄՅԱՆ,"ԱՐԱՐԱՏ,ԲԱՂՐԱՄՅԱՆ",39.980836,44.513339
ԱՐԱՐԱՏ,ԲԵՐԴԻԿ,"ԱՐԱՐԱՏ,ԲԵՐԴԻԿ",39.994428,44.5701888
ԱՐԱՐԱՏ,ԲԵՐՔԱՆՈՒՇ,"ԱՐԱՐԱՏ,ԲԵՐՔԱՆՈՒՇ",39.9749246,44.5224287
ԱՐԱՐԱՏ,ԲՈՒՐԱՍՏԱՆ,"ԱՐԱՐԱՏ,ԲՈՒՐԱՍՏԱՆ",39.9903094,44.4981789
ԱՐԱՐԱՏ,ԴԱԼԱՐ,"ԱՐԱՐԱՏ,ԴԱԼԱՐ",39.9719448,44.5255541
ԱՐԱՐԱՏ,ԴԵՂՁՈՒՏ,"ԱՐԱՐԱՏ,ԴԵՂՁՈՒՏ",40.0259726,44.5490898
ԱՐԱՐԱՏ,ԴԻՏԱԿ,"ԱՐԱՐԱՏ,ԴԻՏԱԿ",40.04557515,44.5189521615715
ԱՐԱՐԱՏ,ԴԻՄԻՏՐՈՎ,"ԱՐԱՐԱՏ,ԴԻՄԻՏՐՈՎ",40.0062163,44.490425
ԱՐԱՐԱՏ,ՀՈՎՏԱՇԵՆ,"ԱՐԱՐԱՏ,ՀՈՎՏԱՇԵՆ",40.0240494,44.4529804
ԱՐԱՐԱՏ,ՆՇԱՎԱՆ,"ԱՐԱՐԱՏ,ՆՇԱՎԱՆ",40.0261707,44.5254575
ԱՐԱՐԱՏ,ՆԱՐԵԿ,"ԱՐԱՐԱՏ,ՆԱՐԵԿ",39.9987558,44.6645858
ԱՐԱՐԱՏ,ՆՈՐԱՇԵՆ,"ԱՐԱՐԱՏ,ՆՈՐԱՇԵՆ",40.0030835,44.59826
ԱՐԱՐԱՏ,ՇԱՀՈՒՄՅԱՆ,"ԱՐԱՐԱՏ,ՇԱՀՈՒՄՅԱՆ",39.9382859,44.5734304
ԱՐԱՐԱՏ,ՎԵՐԻՆ ԱՐՏԱՇԱՏ,"ԱՐԱՐԱՏ,ՎԵՐԻՆ ԱՐՏԱՇԱՏ",39.9976593,44.5844457
ԱՐԱՐԱՏ,ԿԱՆԱՉՈՒՏ,"ԱՐԱՐԱՏ,ԿԱՆԱՉՈՒՏ",40.0076553,44.544605
ԱՐԱՐԱՏ,ՄԽՉՅԱՆ,"ԱՐԱՐԱՏ,ՄԽՉՅԱՆ",40.0207949,44.4887355
ԱՐԱՐԱՏ,ՄՐԳԱՎԵՏ,"ԱՐԱՐԱՏ,ՄՐԳԱՎԵՏ",40.0289447,44.4813042
ԱՐԱՐԱՏ,ՄՐԳԱՎԱՆ,"ԱՐԱՐԱՏ,ՄՐԳԱՎԱՆ",39.9725865,44.5347609
ԱՐԱՐԱՏ,Գ.ՄԱՍԻՍ,"ԱՐԱՐԱՏ,Գ.ՄԱՍԻՍ",40.0617279,44.4427915
ԱՐԱՐԱՏ,ՀՆԱԲԵՐԴ,"ԱՐԱՐԱՏ,ՀՆԱԲԵՐԴ",40.00590715,44.5737419454795
ԱՐԱՐԱՏ,ՈՍՏԱՆ,"ԱՐԱՐԱՏ,ՈՍՏԱՆ",39.9655295,44.5590937
ԱՐԱՐԱՏ,ԴՎԻՆ,"ԱՐԱՐԱՏ,ԴՎԻՆ",40.0037663,44.5763966
ԱՐԱՐԱՏ,ՎԵՐԻՆ ԴՎԻՆ,"ԱՐԱՐԱՏ,ՎԵՐԻՆ ԴՎԻՆ",40.0260546,44.5888922
ԱՐԱՐԱՏ,ԱՐԱՐԱՏ,"ԱՐԱՐԱՏ,ԱՐԱՐԱՏ",39.8511645,44.7015606613593
ԱՐԱՐԱՏ,ՎԵԴԻ,"ԱՐԱՐԱՏ,ՎԵԴԻ",39.9138481,44.7224953
ԱՐԱՐԱՏ,ԱՐԱԼԵԶ,"ԱՐԱՐԱՏ,ԱՐԱԼԵԶ",39.9010589,44.6521522
ԱՐԱՐԱՏ,ԼՈՒՍԱՌԱՏ,"ԱՐԱՐԱՏ,ԼՈՒՍԱՌԱՏ",39.8734164,44.591705
ԱՐԱՐԱՏ,ՆՈՐ ՈՒՂԻ,"ԱՐԱՐԱՏ,ՆՈՐ ՈՒՂԻ",39.9260479,44.6365345
ԱՐԱՐԱՏ,ՆՈՐ ԿՅԱՆՔ,"ԱՐԱՐԱՏ,ՆՈՐ ԿՅԱՆՔ",39.9003116,44.6320994
ԱՐԱՐԱՏ,ՍԻՍԱՎԱՆ,"ԱՐԱՐԱՏ,ՍԻՍԱՎԱՆ",39.907085,44.6662553
ԱՐԱՐԱՏ,ՎԱՆԱՇԵՆ,"ԱՐԱՐԱՏ,ՎԱՆԱՇԵՆ",39.8978921,44.686152
ԱՐԱՐԱՏ,ԳԻՆԵՎԵՏ,"ԱՐԱՐԱՏ,ԳԻՆԵՎԵՏ",39.9322886,44.6260044
ԱՐԱՐԱՏ,ՏԱՓԵՐԱԿԱՆ,"ԱՐԱՐԱՏ,ՏԱՓԵՐԱԿԱՆ",39.9225214,44.5959118
ԱՐԱՐԱՏ,ՓՈՔՐ ՎԵԴԻ,"ԱՐԱՐԱՏ,ՓՈՔՐ ՎԵԴԻ",39.9004096,44.6039952
ԱՐԱՐԱՏ,ՈՍԿԵՏԱՓ,"ԱՐԱՐԱՏ,ՈՍԿԵՏԱՓ",39.8854255,44.6492604
ԱՐԱՐԱՏ,ԱՅԳԱՎԱՆ,"ԱՐԱՐԱՏ,ԱՅԳԱՎԱՆ",39.870744,44.6633815
ԱՐԱՐԱՏ,ԱՎՇԱՐ,"ԱՐԱՐԱՏ,ԱՎՇԱՐ",39.8539778,44.680936
ԱՐԱՐԱՏ,Գ.ԱՐԱՐԱՏ,"ԱՐԱՐԱՏ,Գ.ԱՐԱՐԱՏ",39.8511645,44.7015606613593
ԱՐԱՐԱՏ,ՍՈՒՐԵՆԱՎԱՆ,"ԱՐԱՐԱՏ,ՍՈՒՐԵՆԱՎԱՆ",39.7976077,44.7747752
ԱՐԱՐԱՏ,ԵՐԱՍԽ,"ԱՐԱՐԱՏ,ԵՐԱՍԽ",39.7398183,44.8282116
ԱՐԱՐԱՏ,ԵՂԵԳՆԱՎԱՆ,"ԱՐԱՐԱՏ,ԵՂԵԳՆԱՎԱՆ",39.8387467,44.6258832
ԱՐԱՐԱՏ,ԱՐՄԱՇ,"ԱՐԱՐԱՏ,ԱՐՄԱՇ",39.7645763,44.8074774
ԱՐԱՐԱՏ,ՆՈՅԱԿԵՐՏ,"ԱՐԱՐԱՏ,ՆՈՅԱԿԵՐՏ",39.8311381,44.6676385
ԱՐԱՐԱՏ,ԳՈՌԱՎԱՆ,"ԱՐԱՐԱՏ,ԳՈՌԱՎԱՆ",39.9079461,44.7285025
ԱՐԱՐԱՏ,ԴԱՇՏԱՔԱՐ,"ԱՐԱՐԱՏ,ԴԱՇՏԱՔԱՐ",39.9219563,44.7515225
ԱՐԱՐԱՏ,ՈՒՐՑԱՁՈՐ,"ԱՐԱՐԱՏ,ՈՒՐՑԱՁՈՐ",39.9190998,44.8226623
ԱՐԱՐԱՏ,ԼՈՒՍԱՇՈՂ,"ԱՐԱՐԱՏ,ԼՈՒՍԱՇՈՂ",39.8510208,44.9772408
ԱՐԱՐԱՏ,ԼԱՆՋԱՌ,"ԱՐԱՐԱՏ,ԼԱՆՋԱՌ",39.8260063,44.9718859831847
ԱՐԱՐԱՏ,ՈՒՐՑԱԼԱՆՋ,"ԱՐԱՐԱՏ,ՈՒՐՑԱԼԱՆՋ",39.82192975,44.9967897741908
ԱՐԱՐԱՏ,ՎԱՐԴԱՇԱՏ,"ԱՐԱՐԱՏ,ՎԱՐԴԱՇԱՏ",39.83031075,45.0252038174477
ԱՐԱՐԱՏ,ԶԱՆԳԱԿԱՏՈՒՆ,"ԱՐԱՐԱՏ,ԶԱՆԳԱԿԱՏՈՒՆ",39.8191849,45.0416277
ԱՐԱՐԱՏ,ՊԱՐՈՒՅՐ ՍԵՎԱԿ,"ԱՐԱՐԱՏ,ՊԱՐՈՒՅՐ ՍԵՎԱԿ",39.76906515,44.9144503739429
ԱՐԱՐԱՏ,ՔԱՂՑՐԱՇԵՆ,"ԱՐԱՐԱՏ,ՔԱՂՑՐԱՇԵՆ",39.9806426,44.6212138
ԱՐԱՐԱՏ,ԱՅԳԵԶԱՐԴ,"ԱՐԱՐԱՏ,ԱՅԳԵԶԱՐԴ",39.9583319,44.6011983
ԱՐՄԱՎԻՐ,ՎԱՂԱՐՇԱՊԱՏ,"ԱՐՄԱՎԻՐ,ՎԱՂԱՐՇԱՊԱՏ",40.1621823,44.2999455403005
ԱՐՄԱՎԻՐ,ԱԿՆԱՇԵՆ,"ԱՐՄԱՎԻՐ,ԱԿՆԱՇԵՆ",40.095514,44.2860339
ԱՐՄԱՎԻՐ,ԱՅԳԵԿ,"ԱՐՄԱՎԻՐ,ԱՅԳԵԿ",40.1894291,44.3832132
ԱՐՄԱՎԻՐ,ԱՅԳԵՇԱՏ(ՎԱՂԱՐՇԱՊԱՏ),"ԱՐՄԱՎԻՐ,ԱՅԳԵՇԱՏ(ՎԱՂԱՐՇԱՊԱՏ)",40.15446,44.03815
ԱՐՄԱՎԻՐ,ԱՊԱԳԱ,"ԱՐՄԱՎԻՐ,ԱՊԱԳԱ",40.0931682,44.2515935
ԱՐՄԱՎԻՐ,ԱՐԱՔՍ(ՎԱՂԱՐՇԱՊԱՏ),"ԱՐՄԱՎԻՐ,ԱՐԱՔՍ(ՎԱՂԱՐՇԱՊԱՏ)",40.146161,44.032136
ԱՐՄԱՎԻՐ,ԱՐԵՎԱՇԱՏ,"ԱՐՄԱՎԻՐ,ԱՐԵՎԱՇԱՏ",40.1396984,44.3739256231705
ԱՐՄԱՎԻՐ,ԲԱՂՐԱՄՅԱՆ(ՎԱՂԱՐՇԱՊԱՏ),"ԱՐՄԱՎԻՐ,ԲԱՂՐԱՄՅԱՆ(ՎԱՂԱՐՇԱՊԱՏ)",40.165545,44.2912315
ԱՐՄԱՎԻՐ,ԳԱՅ,"ԱՐՄԱՎԻՐ,ԳԱՅ",40.0833282,44.3067747
ԱՐՄԱՎԻՐ,ԳՐԻԲՈՅԵԴՈՎ,"ԱՐՄԱՎԻՐ,ԳՐԻԲՈՅԵԴՈՎ",40.1131914,44.2709999
ԱՐՄԱՎԻՐ,ԴԱՇՏ,"ԱՐՄԱՎԻՐ,ԴԱՇՏ",40.227269,44.300244
ԱՐՄԱՎԻՐ,ԼՈՒՍԱԳՅՈՒՂ,"ԱՐՄԱՎԻՐ,ԼՈՒՍԱԳՅՈՒՂ",40.0883787,44.2700062
ԱՐՄԱՎԻՐ,ԾԱՂԿՈՒՆՔ,"ԱՐՄԱՎԻՐ,ԾԱՂԿՈՒՆՔ",40.1788977,44.2695223
ԱՐՄԱՎԻՐ,ՀԱՅԿԱՇԵՆ,"ԱՐՄԱՎԻՐ,ՀԱՅԿԱՇԵՆ",40.0718138,44.3076975
ԱՐՄԱՎԻՐ,Գ.ՄԵԾԱՄՈՐ,"ԱՐՄԱՎԻՐ,Գ.ՄԵԾԱՄՈՐ",40.1443582,44.1192082
ԱՐՄԱՎԻՐ,ՄԵՐՁԱՎԱՆ,"ԱՐՄԱՎԻՐ,ՄԵՐՁԱՎԱՆ",40.18624355,44.4017390465282
ԱՐՄԱՎԻՐ,ՄՈՒՍԱԼԵՌ,"ԱՐՄԱՎԻՐ,ՄՈՒՍԱԼԵՌ",40.1574097,44.3822765
ԱՐՄԱՎԻՐ,ՆՈՐԱԿԵՐՏ,"ԱՐՄԱՎԻՐ,ՆՈՐԱԿԵՐՏ",40.1932416,44.3483878
ԱՐՄԱՎԻՐ,ՇԱՀՈՒՄՅԱՆ,"ԱՐՄԱՎԻՐ,ՇԱՀՈՒՄՅԱՆ",40.2132832,44.298694
ԱՐՄԱՎԻՐ,ՇԱՀՈՒՄՅԱՆԻ ԹՌՉՆԱՖԱԲՐԻԿԱ,"ԱՐՄԱՎԻՐ,ՇԱՀՈՒՄՅԱՆԻ ԹՌՉՆԱՖԱԲՐԻԿԱ",40.146161,44.032136
ԱՐՄԱՎԻՐ,ՈՍԿԵՀԱՏ,"ԱՐՄԱՎԻՐ,ՈՍԿԵՀԱՏ",40.1426031,44.3315627
ԱՐՄԱՎԻՐ,ՊՏՂՈՒՆՔ,"ԱՐՄԱՎԻՐ,ՊՏՂՈՒՆՔ",40.1672242,44.3641718
ԱՐՄԱՎԻՐ,ՋՐԱՌԱՏ,"ԱՐՄԱՎԻՐ,ՋՐԱՌԱՏ",40.0723001,44.260808
ԱՐՄԱՎԻՐ,ՋՐԱՐԲԻ,"ԱՐՄԱՎԻՐ,ՋՐԱՐԲԻ",40.090692,44.235864
ԱՐՄԱՎԻՐ,ՓԱՐԱՔԱՐ,"ԱՐՄԱՎԻՐ,ՓԱՐԱՔԱՐ",40.1638384,44.4010599
ԱՐՄԱՎԻՐ,ՄԵԾԱՄՈՐ,"ԱՐՄԱՎԻՐ,ՄԵԾԱՄՈՐ",40.1443582,44.1192082
ԱՐՄԱՎԻՐ,ՄԱՅԻՍՅԱՆ,"ԱՐՄԱՎԻՐ,ՄԱՅԻՍՅԱՆ",40.155097,44.09395
ԱՐՄԱՎԻՐ,ՄՐԳԱՇԱՏ,"ԱՐՄԱՎԻՐ,ՄՐԳԱՇԱՏ",40.1212685,44.0648423
ԱՐՄԱՎԻՐ,ԱԼԱՇԿԵՐՏ,"ԱՐՄԱՎԻՐ,ԱԼԱՇԿԵՐՏ",40.1081747,44.0530705
ԱՐՄԱՎԻՐ,ՀԱՅԿԱՎԱՆ,"ԱՐՄԱՎԻՐ,ՀԱՅԿԱՎԱՆ",40.090565,44.044082
ԱՐՄԱՎԻՐ,Գ.ԱՐՄԱՎԻՐ,"ԱՐՄԱՎԻՐ,Գ.ԱՐՄԱՎԻՐ",44.9993585,41.1294061
ԱՐՄԱՎԻՐ,ԱՅԳԵՇԱՏ(ԱՐՄԱՎԻՐ),"ԱՐՄԱՎԻՐ,ԱՅԳԵՇԱՏ(ԱՐՄԱՎԻՐ)",40.15446,44.03815
ԱՐՄԱՎԻՐ,ՋԱՆՖԻԴԱ,"ԱՐՄԱՎԻՐ,ՋԱՆՖԻԴԱ",40.0468685,44.0264553
ԱՐՄԱՎԻՐ,ՓՇԱՏԱՎԱՆ,"ԱՐՄԱՎԻՐ,ՓՇԱՏԱՎԱՆ",40.03933275,44.0637768388638
ԱՐՄԱՎԻՐ,ԱՐԳԱՎԱՆԴ,"ԱՐՄԱՎԻՐ,ԱՐԳԱՎԱՆԴ",40.0596605,44.0947816
ԱՐՄԱՎԻՐ,ՏԱՆՁՈՒՏ,"ԱՐՄԱՎԻՐ,ՏԱՆՁՈՒՏ",40.070206,44.075904
ԱՐՄԱՎԻՐ,ԱՐԵՎԻԿ,"ԱՐՄԱՎԻՐ,ԱՐԵՎԻԿ",40.099174,44.092308
ԱՐՄԱՎԻՐ,ԶԱՐԹՈՆՔ,"ԱՐՄԱՎԻՐ,ԶԱՐԹՈՆՔ",40.1081547,44.1651275
ԱՐՄԱՎԻՐ,ԱՐՏԱՇԱՐ,"ԱՐՄԱՎԻՐ,ԱՐՏԱՇԱՐ",40.108505,44.183106
ԱՐՄԱՎԻՐ,ԵՂԵԳՆՈՒՏ,"ԱՐՄԱՎԻՐ,ԵՂԵԳՆՈՒՏ",40.0912047,44.1554403
ԱՐՄԱՎԻՐ,ԵՐԱՍԽԱՀՈՒՆ,"ԱՐՄԱՎԻՐ,ԵՐԱՍԽԱՀՈՒՆ",40.073447,44.2163931
ԱՐՄԱՎԻՐ,ՎԱՐԴԱՆԱՇԵՆ,"ԱՐՄԱՎԻՐ,ՎԱՐԴԱՆԱՇԵՆ",40.0525162,44.1942188255559
ԱՐՄԱՎԻՐ,ՄԱՐԳԱՐԱ,"ԱՐՄԱՎԻՐ,ՄԱՐԳԱՐԱ",40.0336959,44.1774585
ԱՐՄԱՎԻՐ,ԱՐԱԶԱՓ,"ԱՐՄԱՎԻՐ,ԱՐԱԶԱՓ",40.0434924,44.1463742
ԱՐՄԱՎԻՐ,ԽՈՐՈՆՔ,"ԱՐՄԱՎԻՐ,ԽՈՐՈՆՔ",40.1350856,44.2453331
ԱՐՄԱՎԻՐ,ԱՐՏԻՄԵՏ,"ԱՐՄԱՎԻՐ,ԱՐՏԻՄԵՏ",40.1517779,44.2657667
ԱՐՄԱՎԻՐ,ԱՌԱՏԱՇԵՆ,"ԱՐՄԱՎԻՐ,ԱՌԱՏԱՇԵՆ",40.1291332,44.2268189
ԱՐՄԱՎԻՐ,ՏԱՐՈՆԻԿ,"ԱՐՄԱՎԻՐ,ՏԱՐՈՆԻԿ",40.133462,44.198867
ԱՐՄԱՎԻՐ,ԱԿՆԱԼԻՃ,"ԱՐՄԱՎԻՐ,ԱԿՆԱԼԻՃ",40.1456839,44.1579737
ԱՐՄԱՎԻՐ,ԱՐՇԱԼՈՒՅՍ,"ԱՐՄԱՎԻՐ,ԱՐՇԱԼՈՒՅՍ",40.167888,44.212718
ԱՐՄԱՎԻՐ,ՀԱՅԹԱՂ,"ԱՐՄԱՎԻՐ,ՀԱՅԹԱՂ",40.1804942,44.2288705
ԱՐՄԱՎԻՐ,ՖԵՐԻԿ,"ԱՐՄԱՎԻՐ,ՖԵՐԻԿ",40.1866621,44.2084496
ԱՐՄԱՎԻՐ,ԳԵՂԱԿԵՐՏ,"ԱՐՄԱՎԻՐ,ԳԵՂԱԿԵՐՏ",40.1862993,44.2434026
ԱՐՄԱՎԻՐ,ՀՈՎՏԱՄԵՋ,"ԱՐՄԱՎԻՐ,ՀՈՎՏԱՄԵՋ",40.1831791,44.2575547
ԱՐՄԱՎԻՐ,ԾԻԱԾԱՆ,"ԱՐՄԱՎԻՐ,ԾԻԱԾԱՆ",40.1863719,44.266008
ԱՐՄԱՎԻՐ,ԾԱՂԿԱԼԱՆՋ,"ԱՐՄԱՎԻՐ,ԾԱՂԿԱԼԱՆՋ",40.1987061,44.2284905
ԱՐՄԱՎԻՐ,ԱՐԱԳԱԾ,"ԱՐՄԱՎԻՐ,ԱՐԱԳԱԾ",40.2172031,44.2315299
ԱՐՄԱՎԻՐ,ԱՂԱՎՆԱՏՈՒՆ,"ԱՐՄԱՎԻՐ,ԱՂԱՎՆԱՏՈՒՆ",40.2335948,44.2517229
ԱՐՄԱՎԻՐ,ԼԵՌՆԱՄԵՐՁ,"ԱՐՄԱՎԻՐ,ԼԵՌՆԱՄԵՐՁ",40.2581597,44.2640261
ԱՐՄԱՎԻՐ,ԱՄԲԵՐԴ,"ԱՐՄԱՎԻՐ,ԱՄԲԵՐԴ",40.239989,44.2715
ԱՐՄԱՎԻՐ,ԴՈՂՍ,"ԱՐՄԱՎԻՐ,ԴՈՂՍ",40.22278,44.271576
ԱՐՄԱՎԻՐ,ՄՐԳԱՍՏԱՆ,"ԱՐՄԱՎԻՐ,ՄՐԳԱՍՏԱՆ",40.2007195,44.2781363
ԱՐՄԱՎԻՐ,ԱՐՄԱՎԻՐ,"ԱՐՄԱՎԻՐ,ԱՐՄԱՎԻՐ",44.9993585,41.1294061
ԱՐՄԱՎԻՐ,ՆՈՐԱՎԱՆ,"ԱՐՄԱՎԻՐ,ՆՈՐԱՎԱՆ",40.172053,44.032173
ԱՐՄԱՎԻՐ,ՆՈՐԱՊԱՏ,"ԱՐՄԱՎԻՐ,ՆՈՐԱՊԱՏ",40.1403233,44.0381324
ԱՐՄԱՎԻՐ,ՍԱՐԴԱՐԱՊԱՏ,"ԱՐՄԱՎԻՐ,ՍԱՐԴԱՐԱՊԱՏ",40.134313,44.0099725
ԱՐՄԱՎԻՐ,ԼԵՆՈՒՂԻ,"ԱՐՄԱՎԻՐ,ԼԵՆՈՒՂԻ",40.123979,43.964067
ԱՐՄԱՎԻՐ,ԱՅԳԵՎԱՆ,"ԱՐՄԱՎԻՐ,ԱՅԳԵՎԱՆ",40.139515,43.9728807
ԱՐՄԱՎԻՐ,ԱՐԱՔՍ(ԱՐՄԱՎԻՐ),"ԱՐՄԱՎԻՐ,ԱՐԱՔՍ(ԱՐՄԱՎԻՐ)",40.15446,44.03815
ԱՐՄԱՎԻՐ,ԲԱՄԲԱԿԱՇԱՏ,"ԱՐՄԱՎԻՐ,ԲԱՄԲԱԿԱՇԱՏ",40.1091253,44.015709
ԱՐՄԱՎԻՐ,ՆՈՐ ԱՐՄԱՎԻՐ,"ԱՐՄԱՎԻՐ,ՆՈՐ ԱՐՄԱՎԻՐ",40.085903,43.991511
ԱՐՄԱՎԻՐ,ՆԱԼԲԱՆԴՅԱՆ,"ԱՐՄԱՎԻՐ,ՆԱԼԲԱՆԴՅԱՆ",40.0639982,43.9857958
ԱՐՄԱՎԻՐ,ՋՐԱՇԵՆ,"ԱՐՄԱՎԻՐ,ՋՐԱՇԵՆ",40.084236,44.019803
ԱՐՄԱՎԻՐ,ՆՈՐ ԱՐՏԱԳԵՐՍ,"ԱՐՄԱՎԻՐ,ՆՈՐ ԱՐՏԱԳԵՐՍ",40.0684692,44.0063758
ԱՐՄԱՎԻՐ,ԳԵՏԱՇԵՆ,"ԱՐՄԱՎԻՐ,ԳԵՏԱՇԵՆ",40.0450287,43.9432855
ԱՐՄԱՎԻՐ,ՇԵՆԱՎԱՆ,"ԱՐՄԱՎԻՐ,ՇԵՆԱՎԱՆ",40.0551212,43.9298323
ԱՐՄԱՎԻՐ,ԲԵՐՔԱՇԱՏ,"ԱՐՄԱՎԻՐ,ԲԵՐՔԱՇԱՏ",40.0403793,43.9086202
ԱՐՄԱՎԻՐ,ՆՈՐ ԿԵՍԱՐԻԱ,"ԱՐՄԱՎԻՐ,ՆՈՐ ԿԵՍԱՐԻԱ",40.058979,43.9081178
ԱՐՄԱՎԻՐ,ԱՄԱՍԻԱ,"ԱՐՄԱՎԻՐ,ԱՄԱՍԻԱ",40.082274,43.966856
ԱՐՄԱՎԻՐ,ԼՈՒԿԱՇԻՆ,"ԱՐՄԱՎԻՐ,ԼՈՒԿԱՇԻՆ",40.18566,44.004514
ԱՐՄԱՎԻՐ,ԽԱՆՋՅԱՆ,"ԱՐՄԱՎԻՐ,ԽԱՆՋՅԱՆ",40.186218,43.974323
ԱՐՄԱՎԻՐ,ՀԱՑԻԿ,"ԱՐՄԱՎԻՐ,ՀԱՑԻԿ",40.1710238,43.9501606
ԱՐՄԱՎԻՐ,ՄՅԱՍՆԻԿՅԱՆ,"ԱՐՄԱՎԻՐ,ՄՅԱՍՆԻԿՅԱՆ",40.17966,43.917117
ԱՐՄԱՎԻՐ,ԲԱՂՐԱՄՅԱՆ,"ԱՐՄԱՎԻՐ,ԲԱՂՐԱՄՅԱՆ",40.1939379,44.3682006
ԱՐՄԱՎԻՐ,ԱՐԳԻՆԱ,"ԱՐՄԱՎԻՐ,ԱՐԳԻՆԱ",40.2744272,43.7374786
ԱՐՄԱՎԻՐ,ԱՐՏԱՄԵՏ,"ԱՐՄԱՎԻՐ,ԱՐՏԱՄԵՏ",40.1221311,43.8576525
ԱՐՄԱՎԻՐ,ԿՈՂԲԱՎԱՆ,"ԱՐՄԱՎԻՐ,ԿՈՂԲԱՎԱՆ",40.1430844,43.7564858
ԱՐՄԱՎԻՐ,ԱՐԵՎԱԴԱՇՏ,"ԱՐՄԱՎԻՐ,ԱՐԵՎԱԴԱՇՏ",40.1320066,43.9329805
ԱՐՄԱՎԻՐ,ՎԱՆԱՆԴ,"ԱՐՄԱՎԻՐ,ՎԱՆԱՆԴ",40.1024037,43.8174034
ԱՐՄԱՎԻՐ,ԲԱԳԱՐԱՆ,"ԱՐՄԱՎԻՐ,ԲԱԳԱՐԱՆ",40.1448533,43.6593157
ԱՐՄԱՎԻՐ,ԵՐՎԱՆԴԱՇԱՏ,"ԱՐՄԱՎԻՐ,ԵՐՎԱՆԴԱՇԱՏ",40.1186186,43.6706235
ԱՐՄԱՎԻՐ,ՀՈՒՇԱԿԵՐՏ,"ԱՐՄԱՎԻՐ,ՀՈՒՇԱԿԵՐՏ",40.0844243,43.9321576
ԱՐՄԱՎԻՐ,ՏԱԼՎՈՐԻԿ,"ԱՐՄԱՎԻՐ,ՏԱԼՎՈՐԻԿ",40.1015029,43.8782494
ԱՐՄԱՎԻՐ,ԴԱԼԱՐԻԿ,"ԱՐՄԱՎԻՐ,ԴԱԼԱՐԻԿ",40.2260861,43.8761721
ԱՐՄԱՎԻՐ,ԼԵՌՆԱԳՈԳ,"ԱՐՄԱՎԻՐ,ԼԵՌՆԱԳՈԳ",40.2534271,43.8649044
ԱՐՄԱՎԻՐ,ՔԱՐԱԿԵՐՏ,"ԱՐՄԱՎԻՐ,ՔԱՐԱԿԵՐՏ",40.2442356,43.8180494
ԱՐՄԱՎԻՐ,ՇԵՆԻԿ,"ԱՐՄԱՎԻՐ,ՇԵՆԻԿ",40.2126566,43.7694013
ԱՐԱԳԱԾՈՏՆ,ԱՇՏԱՐԱԿ,"ԱՐԱԳԱԾՈՏՆ,ԱՇՏԱՐԱԿ",40.2920733,44.3644481901926
ԱՐԱԳԱԾՈՏՆ,ԱՐՏԱՇԱՎԱՆ,"ԱՐԱԳԱԾՈՏՆ,ԱՐՏԱՇԱՎԱՆ",40.3878585,44.3828526
ԱՐԱԳԱԾՈՏՆ,ԲԱԶՄԱՂԲՅՈՒՐ,"ԱՐԱԳԱԾՈՏՆ,ԲԱԶՄԱՂԲՅՈՒՐ",40.336417,44.3125111
ԱՐԱԳԱԾՈՏՆ,ԿԱՐԲԻ,"ԱՐԱԳԱԾՈՏՆ,ԿԱՐԲԻ",40.3299561,44.3764101
ԱՐԱԳԱԾՈՏՆ,ՂԱԶԱՐԱՎԱՆ,"ԱՐԱԳԱԾՈՏՆ,ՂԱԶԱՐԱՎԱՆ",40.3410674,44.3300153
ԱՐԱԳԱԾՈՏՆ,ՍԱՍՈՒՆԻԿ,"ԱՐԱԳԱԾՈՏՆ,ՍԱՍՈՒՆԻԿ",40.2507873,44.3447742
ԱՐԱԳԱԾՈՏՆ,ՍԱՂՄՈՍԱՎԱՆ,"ԱՐԱԳԱԾՈՏՆ,ՍԱՂՄՈՍԱՎԱՆ",40.3808859,44.3938303
ԱՐԱԳԱԾՈՏՆ,ՈՒՇԻ,"ԱՐԱԳԱԾՈՏՆ,ՈՒՇԻ",40.3489783,44.3751203
ԱՐԱԳԱԾՈՏՆ,ՓԱՐՊԻ,"ԱՐԱԳԱԾՈՏՆ,ՓԱՐՊԻ",40.3279389,44.3161183
ԱՐԱԳԱԾՈՏՆ,ՕՀԱՆԱՎԱՆ,"ԱՐԱԳԱԾՈՏՆ,ՕՀԱՆԱՎԱՆ",40.3413555,44.382508
ԱՐԱԳԱԾՈՏՆ,ՕՇԱԿԱՆ,"ԱՐԱԳԱԾՈՏՆ,ՕՇԱԿԱՆ",40.2668923,44.3117312
ԱՐԱԳԱԾՈՏՆ,ԱՊԱՐԱՆ,"ԱՐԱԳԱԾՈՏՆ,ԱՊԱՐԱՆ",40.5908411,44.3570829
ԱՐԱԳԱԾՈՏՆ,ԱԼԱԳՅԱԶ,"ԱՐԱԳԱԾՈՏՆ,ԱԼԱԳՅԱԶ",40.6802028,44.2886943
ԱՐԱԳԱԾՈՏՆ,ԾԱՂԿԱՀՈՎԻՏ,"ԱՐԱԳԱԾՈՏՆ,ԾԱՂԿԱՀՈՎԻՏ",40.6392116,44.2226852
ԱՐԱԳԱԾՈՏՆ,ՄԵԼԻՔԳՅՈՒՂ,"ԱՐԱԳԱԾՈՏՆ,ՄԵԼԻՔԳՅՈՒՂ",40.6664425,44.3545726
ԱՐԱԳԱԾՈՏՆ,ԱԳԱՐԱԿ(ԱՇՏԱՐԱԿ),"ԱՐԱԳԱԾՈՏՆ,ԱԳԱՐԱԿ(ԱՇՏԱՐԱԿ)",40.2971119,44.2684683840251
ԱՐԱԳԱԾՈՏՆ,ԱՂՁՔ,"ԱՐԱԳԱԾՈՏՆ,ԱՂՁՔ",40.3081092,44.2549079
ԱՐԱԳԱԾՈՏՆ,ԱՆՏԱՌՈՒՏ,"ԱՐԱԳԱԾՈՏՆ,ԱՆՏԱՌՈՒՏ",40.3548844,44.2628825
ԱՐԱԳԱԾՈՏՆ,ԱՎԱՆ,"ԱՐԱԳԱԾՈՏՆ,ԱՎԱՆ",40.3351948,44.1685681
ԱՐԱԳԱԾՈՏՆ,ԱՐԱԳԱԾՈՏՆ,"ԱՐԱԳԱԾՈՏՆ,ԱՐԱԳԱԾՈՏՆ",40.3446766,44.1995765292534
ԱՐԱԳԱԾՈՏՆ,ԱՐՈՒՃ,"ԱՐԱԳԱԾՈՏՆ,ԱՐՈՒՃ",40.286512,44.0791663
ԱՐԱԳԱԾՈՏՆ,ԲՅՈՒՐԱԿԱՆ,"ԱՐԱԳԱԾՈՏՆ,ԲՅՈՒՐԱԿԱՆ",40.338002,44.2714773
ԱՐԱԳԱԾՈՏՆ,ԴՊՐԵՎԱՆՔ,"ԱՐԱԳԱԾՈՏՆ,ԴՊՐԵՎԱՆՔ",40.259051,44.180736
ԱՐԱԳԱԾՈՏՆ,ԼԵՌՆԱՐՈՏ,"ԱՐԱԳԱԾՈՏՆ,ԼԵՌՆԱՐՈՏ",40.3487937,44.1108113
ԱՐԱԳԱԾՈՏՆ,ԿՈՇ,"ԱՐԱԳԱԾՈՏՆ,ԿՈՇ",40.297481,44.1587608
ԱՐԱԳԱԾՈՏՆ,ՆՈՐ ԱՄԱՆՈՍ,"ԱՐԱԳԱԾՈՏՆ,ՆՈՐ ԱՄԱՆՈՍ",40.2369803,44.0678916
ԱՐԱԳԱԾՈՏՆ,ՆՈՐ ԵԴԵՍԻԱ,"ԱՐԱԳԱԾՈՏՆ,ՆՈՐ ԵԴԵՍԻԱ",40.2237993,44.1314594
ԱՐԱԳԱԾՈՏՆ,ՇԱՄԻՐԱՄ,"ԱՐԱԳԱԾՈՏՆ,ՇԱՄԻՐԱՄ",40.2758751,44.0985292
ԱՐԱԳԱԾՈՏՆ,ՈՍԿԵՀԱՏ,"ԱՐԱԳԱԾՈՏՆ,ՈՍԿԵՀԱՏ",40.2769065,44.274216
ԱՐԱԳԱԾՈՏՆ,ՈՍԿԵՎԱԶ,"ԱՐԱԳԱԾՈՏՆ,ՈՍԿԵՎԱԶ",40.2800496,44.2952446
ԱՐԱԳԱԾՈՏՆ,ՎԵՐԻՆ ՍԱՍՈՒՆԻԿ,"ԱՐԱԳԱԾՈՏՆ,ՎԵՐԻՆ ՍԱՍՈՒՆԻԿ",40.259051,44.180736
ԱՐԱԳԱԾՈՏՆ,ՏԵՂԵՐ,"ԱՐԱԳԱԾՈՏՆ,ՏԵՂԵՐ",40.34531315,44.2398405208451
ԱՐԱԳԱԾՈՏՆ,ՈՒՋԱՆ,"ԱՐԱԳԱԾՈՏՆ,ՈՒՋԱՆ",40.2959129,44.2078222
ԱՐԱԳԱԾՈՏՆ,ՕՐԳՈՎ,"ԱՐԱԳԱԾՈՏՆ,ՕՐԳՈՎ",40.3471874,44.2535647
ԱՐԱԳԱԾՈՏՆ,ԹԱԼԻՆ,"ԱՐԱԳԱԾՈՏՆ,ԹԱԼԻՆ",40.3835706,43.8735939
ԱՐԱԳԱԾՈՏՆ,ԱԳԱՐԱԿԱՎԱՆ,"ԱՐԱԳԱԾՈՏՆ,ԱԳԱՐԱԿԱՎԱՆ",40.3323164,44.0700646
ԱՐԱԳԱԾՈՏՆ,ԱԿՈՒՆՔ,"ԱՐԱԳԱԾՈՏՆ,ԱԿՈՒՆՔ",39.81531,45.65832
ԱՐԱԳԱԾՈՏՆ,ԱՇՆԱԿ,"ԱՐԱԳԱԾՈՏՆ,ԱՇՆԱԿ",40.3326734,43.918874
ԱՐԱԳԱԾՈՏՆ,ԱՐԱԳԱԾԱՎԱՆ,"ԱՐԱԳԱԾՈՏՆ,ԱՐԱԳԱԾԱՎԱՆ",40.3190651,43.6634102
ԱՐԱԳԱԾՈՏՆ,ԱՐԵՎՈՒՏ,"ԱՐԱԳԱԾՈՏՆ,ԱՐԵՎՈՒՏ",40.259051,44.180736
ԱՐԱԳԱԾՈՏՆ,ԳԱՌՆԱՀՈՎԻՏ,"ԱՐԱԳԱԾՈՏՆ,ԳԱՌՆԱՀՈՎԻՏ",40.49731,43.95831
ԱՐԱԳԱԾՈՏՆ,ԴԱՇՏԱԴԵՄ,"ԱՐԱԳԱԾՈՏՆ,ԴԱՇՏԱԴԵՄ",40.3415729,43.8580124
ԱՐԱԳԱԾՈՏՆ,ԴԱՎԹԱՇԵՆ,"ԱՐԱԳԱԾՈՏՆ,ԴԱՎԹԱՇԵՆ",40.3602964,43.9558786
ԱՐԱԳԱԾՈՏՆ,ԴԴՄԱՍԱՐ,"ԱՐԱԳԱԾՈՏՆ,ԴԴՄԱՍԱՐ",40.3424762,43.8264626
ԱՐԱԳԱԾՈՏՆ,ԴԻԱՆ,"ԱՐԱԳԱԾՈՏՆ,ԴԻԱՆ",40.3827655,44.114727
ԱՐԱԳԱԾՈՏՆ,ԵՂՆԻԿ,"ԱՐԱԳԱԾՈՏՆ,ԵՂՆԻԿ",40.4075441,43.942147
ԱՐԱԳԱԾՈՏՆ,ԶԱՐԻՆՋԱ,"ԱՐԱԳԱԾՈՏՆ,ԶԱՐԻՆՋԱ",40.4758894,43.7804666
ԱՐԱԳԱԾՈՏՆ,ԶՈՎԱՍԱՐ,"ԱՐԱԳԱԾՈՏՆ,ԶՈՎԱՍԱՐ",40.4750557,43.9500541
ԱՐԱԳԱԾՈՏՆ,ԹԱԹՈՒԼ,"ԱՐԱԳԱԾՈՏՆ,ԹԱԹՈՒԼ",40.3935568,43.814634
ԱՐԱԳԱԾՈՏՆ,ԹԼԻԿ,"ԱՐԱԳԱԾՈՏՆ,ԹԼԻԿ",40.4126059,43.6234577
ԱՐԱԳԱԾՈՏՆ,ԻՐԻՆԴ,"ԱՐԱԳԱԾՈՏՆ,ԻՐԻՆԴ",40.393496,43.9751062
ԱՐԱԳԱԾՈՏՆ,ԾԱՂԿԱՍԱՐ,"ԱՐԱԳԱԾՈՏՆ,ԾԱՂԿԱՍԱՐ",40.4719999,43.9052618
ԱՐԱԳԱԾՈՏՆ,ԿԱԹՆԱՂԲՅՈՒՐ,"ԱՐԱԳԱԾՈՏՆ,ԿԱԹՆԱՂԲՅՈՒՐ",40.379391,43.9471238
ԱՐԱԳԱԾՈՏՆ,ԿԱՆՉ,"ԱՐԱԳԱԾՈՏՆ,ԿԱՆՉ",40.3815792,43.7295795
ԱՐԱԳԱԾՈՏՆ,ԿԱՐՄՐԱՇԵՆ,"ԱՐԱԳԱԾՈՏՆ,ԿԱՐՄՐԱՇԵՆ",40.4336161,43.9456875
ԱՐԱԳԱԾՈՏՆ,ԿԱՔԱՎԱՁՈՐ,"ԱՐԱԳԱԾՈՏՆ,ԿԱՔԱՎԱՁՈՐ",40.3480861,44.0502953
ԱՐԱԳԱԾՈՏՆ,ՀԱԿՈ,"ԱՐԱԳԱԾՈՏՆ,ՀԱԿՈ",40.3850338,43.6927466
ԱՐԱԳԱԾՈՏՆ,ՀԱՑԱՇԵՆ,"ԱՐԱԳԱԾՈՏՆ,ՀԱՑԱՇԵՆ",40.4307142,43.7766557
ԱՐԱԳԱԾՈՏՆ,ՄԱՍՏԱՐԱ,"ԱՐԱԳԱԾՈՏՆ,ՄԱՍՏԱՐԱ",40.4475189,43.8813253
ԱՐԱԳԱԾՈՏՆ,ՄԵԾԱՁՈՐ,"ԱՐԱԳԱԾՈՏՆ,ՄԵԾԱՁՈՐ",40.3805514,44.0456807
ԱՐԱԳԱԾՈՏՆ,ՆԵՐՔԻՆ ԲԱԶՄԱԲԵՐԴ,"ԱՐԱԳԱԾՈՏՆ,ՆԵՐՔԻՆ ԲԱԶՄԱԲԵՐԴ",40.3384882,44.0114263
ԱՐԱԳԱԾՈՏՆ,ՆԵՐՔԻՆ ՍԱՍՆԱՇԵՆ,"ԱՐԱԳԱԾՈՏՆ,ՆԵՐՔԻՆ ՍԱՍՆԱՇԵՆ",40.3570262,43.9920991
ԱՐԱԳԱԾՈՏՆ,ՆՈՐ ԱՐԹԻԿ,"ԱՐԱԳԱԾՈՏՆ,ՆՈՐ ԱՐԹԻԿ",40.4657075,43.7055342
ԱՐԱԳԱԾՈՏՆ,ՇՂԱՐՇԻԿ,"ԱՐԱԳԱԾՈՏՆ,ՇՂԱՐՇԻԿ",40.4112693,43.964463
ԱՐԱԳԱԾՈՏՆ,ՈՍԿԵԹԱՍ,"ԱՐԱԳԱԾՈՏՆ,ՈՍԿԵԹԱՍ",40.4468279,43.9460737
ԱՐԱԳԱԾՈՏՆ,ՊԱՐՏԻԶԱԿ,"ԱՐԱԳԱԾՈՏՆ,ՊԱՐՏԻԶԱԿ",40.2704149,44.0405372
ԱՐԱԳԱԾՈՏՆ,ՍՈՐԻԿ,"ԱՐԱԳԱԾՈՏՆ,ՍՈՐԻԿ",40.4180507,43.7234285
ԱՐԱԳԱԾՈՏՆ,ՍՈՒՍԵՐ,"ԱՐԱԳԱԾՈՏՆ,ՍՈՒՍԵՐ",40.463944,43.7290353
ԱՐԱԳԱԾՈՏՆ,ՎԵՐԻՆ ԲԱԶՄԱԲԵՐԴ,"ԱՐԱԳԱԾՈՏՆ,ՎԵՐԻՆ ԲԱԶՄԱԲԵՐԴ",40.3651359,44.0211099
ԱՐԱԳԱԾՈՏՆ,ՎԵՐԻՆ ՍԱՍՆԱՇԵՆ,"ԱՐԱԳԱԾՈՏՆ,ՎԵՐԻՆ ՍԱՍՆԱՇԵՆ",40.3670587,43.9859489
ԱՐԱԳԱԾՈՏՆ,ՑԱՄԱՔԱՍԱՐ,"ԱՐԱԳԱԾՈՏՆ,ՑԱՄԱՔԱՍԱՐ",40.4661319,43.7607126
ԱՐԱԳԱԾՈՏՆ,ՕԹԵՎԱՆ,"ԱՐԱԳԱԾՈՏՆ,ՕԹԵՎԱՆ",40.259051,44.180736
ԳԵՂԱՐՔՈՒՆԻՔ,ԼՃԱՇԵՆ,"ԳԵՂԱՐՔՈՒՆԻՔ,ԼՃԱՇԵՆ",39.40995,46.70151
ԳԵՂԱՐՔՈՒՆԻՔ,ՉԿԱԼՈՎԿԱ,"ԳԵՂԱՐՔՈՒՆԻՔ,ՉԿԱԼՈՎԿԱ",40.50848,44.98053
ԳԵՂԱՐՔՈՒՆԻՔ,ՆՈՐԱՇԵՆ,"ԳԵՂԱՐՔՈՒՆԻՔ,ՆՈՐԱՇԵՆ",40.44222,46.64436
ԳԵՂԱՐՔՈՒՆԻՔ,ԾՈՎԱԶԱՐԴ,"ԳԵՂԱՐՔՈՒՆԻՔ,ԾՈՎԱԶԱՐԴ",40.4709,45.05879
ԳԵՂԱՐՔՈՒՆԻՔ,ԼՃԱՓ,"ԳԵՂԱՐՔՈՒՆԻՔ,ԼՃԱՓ",40.45462,45.0728
ԳԵՂԱՐՔՈՒՆԻՔ,ԲԵՐԴԿՈՒՆՔ,"ԳԵՂԱՐՔՈՒՆԻՔ,ԲԵՐԴԿՈՒՆՔ",40.45007,45.10553
ԳԵՂԱՐՔՈՒՆԻՔ,ՀԱՅՐԱՎԱՆՔ,"ԳԵՂԱՐՔՈՒՆԻՔ,ՀԱՅՐԱՎԱՆՔ",40.207706,45.02926
ԳԵՂԱՐՔՈՒՆԻՔ,ՆՈՐԱՏՈՒՍ,"ԳԵՂԱՐՔՈՒՆԻՔ,ՆՈՐԱՏՈՒՍ",40.37547,45.17718
ԳԵՂԱՐՔՈՒՆԻՔ,ԳԱՎԱՌ,"ԳԵՂԱՐՔՈՒՆԻՔ,ԳԱՎԱՌ",40.207706,45.02926
ԳԵՂԱՐՔՈՒՆԻՔ,ԿԱՐՄԻՐԳՅՈՒՂ,"ԳԵՂԱՐՔՈՒՆԻՔ,ԿԱՐՄԻՐԳՅՈՒՂ",39.76914,46.85125
ԳԵՂԱՐՔՈՒՆԻՔ,ԾԱՂԿԱՇԵՆ,"ԳԵՂԱՐՔՈՒՆԻՔ,ԾԱՂԿԱՇԵՆ",40.27508,45.01111
ԳԵՂԱՐՔՈՒՆԻՔ,ԳԱՆՁԱԿ,"ԳԵՂԱՐՔՈՒՆԻՔ,ԳԱՆՁԱԿ",40.68278,46.36056
ԳԵՂԱՐՔՈՒՆԻՔ,ՍԱՐՈՒԽԱՆ,"ԳԵՂԱՐՔՈՒՆԻՔ,ՍԱՐՈՒԽԱՆ",40.29053,45.13059
ԳԵՂԱՐՔՈՒՆԻՔ,ԼԱՆՋԱՂԲՅՈՒՐ,"ԳԵՂԱՐՔՈՒՆԻՔ,ԼԱՆՋԱՂԲՅՈՒՐ",40.27146,45.14038
ԳԵՂԱՐՔՈՒՆԻՔ,ԳԵՂԱՐՔՈՒՆԻՔ,"ԳԵՂԱՐՔՈՒՆԻՔ,ԳԵՂԱՐՔՈՒՆԻՔ",40.25568,45.14728
ԳԵՂԱՐՔՈՒՆԻՔ,ԵՐԱՆՈՍ,"ԳԵՂԱՐՔՈՒՆԻՔ,ԵՐԱՆՈՍ",40.207706,45.02926
ԳԵՂԱՐՔՈՒՆԻՔ,ՎԱՐԴԱՁՈՐ,"ԳԵՂԱՐՔՈՒՆԻՔ,ՎԱՐԴԱՁՈՐ",40.15063,46.75317
ԵՐԵՎԱՆ,ՆՈՐ ՆՈՐՔ,"ԵՐԵՎԱՆ,ՆՈՐ ՆՈՐՔ",40.2002199,44.5667018
ԳԵՂԱՐՔՈՒՆԻՔ,ՍԵՎԱՆ,"ԳԵՂԱՐՔՈՒՆԻՔ,ՍԵՎԱՆ",40.207706,45.02926
ԳԵՂԱՐՔՈՒՆԻՔ,ԶՈՎԱԲԵՐ,"ԳԵՂԱՐՔՈՒՆԻՔ,ԶՈՎԱԲԵՐ",40.56693,44.78827
ԳԵՂԱՐՔՈՒՆԻՔ,ԴԴՄԱՇԵՆ,"ԳԵՂԱՐՔՈՒՆԻՔ,ԴԴՄԱՇԵՆ",39.66949,45.41949
ԳԵՂԱՐՔՈՒՆԻՔ,ԾԱՂԿՈՒՆՔ,"ԳԵՂԱՐՔՈՒՆԻՔ,ԾԱՂԿՈՒՆՔ",40.57788,44.87793
ԳԵՂԱՐՔՈՒՆԻՔ,ԳԵՂԱՄԱՎԱՆ,"ԳԵՂԱՐՔՈՒՆԻՔ,ԳԵՂԱՄԱՎԱՆ",40.5634,44.8879
ԳԵՂԱՐՔՈՒՆԻՔ,ՎԱՐՍԵՐ,"ԳԵՂԱՐՔՈՒՆԻՔ,ՎԱՐՍԵՐ",40.5534,44.9069
ԳԵՂԱՐՔՈՒՆԻՔ,ԾՈՎԱԳՅՈՒՂ,"ԳԵՂԱՐՔՈՒՆԻՔ,ԾՈՎԱԳՅՈՒՂ",40.63029,44.95738
ԳԵՂԱՐՔՈՒՆԻՔ,ՍԵՄՅՈՆՈՎԿԱ,"ԳԵՂԱՐՔՈՒՆԻՔ,ՍԵՄՅՈՆՈՎԿԱ",52.171288,32.604224
ԳԵՂԱՐՔՈՒՆԻՔ,ՃԱՄԲԱՐԱԿ,"ԳԵՂԱՐՔՈՒՆԻՔ,ՃԱՄԲԱՐԱԿ",40.59655,45.35498
ԳԵՂԱՐՔՈՒՆԻՔ,ՇՈՂԱԿԱԹ,"ԳԵՂԱՐՔՈՒՆԻՔ,ՇՈՂԱԿԱԹ",40.207706,45.02926
ԳԵՂԱՐՔՈՒՆԻՔ,ԳԵՂԱՄԱՍԱՐ,"ԳԵՂԱՐՔՈՒՆԻՔ,ԳԵՂԱՄԱՍԱՐ",40.31091,45.67924
ԳԵՂԱՐՔՈՒՆԻՔ,ՆՈՐԱԿԵՐՏ,"ԳԵՂԱՐՔՈՒՆԻՔ,ՆՈՐԱԿԵՐՏ",40.05011,45.67511
ԳԵՂԱՐՔՈՒՆԻՔ,ՄԵԾ ՄԱՍՐԻԿ,"ԳԵՂԱՐՔՈՒՆԻՔ,ՄԵԾ ՄԱՍՐԻԿ",40.21825,45.76809
ԳԵՂԱՐՔՈՒՆԻՔ,ՄԱՐՏՈՒՆԻ,"ԳԵՂԱՐՔՈՒՆԻՔ,ՄԱՐՏՈՒՆԻ",40.13768,45.3045
ԳԵՂԱՐՔՈՒՆԻՔ,ՁՈՐԱԳՅՈՒՂ,"ԳԵՂԱՐՔՈՒՆԻՔ,ՁՈՐԱԳՅՈՒՂ",41.15973,43.8847
ԳԵՂԱՐՔՈՒՆԻՔ,ԾԱԿՔԱՐ,"ԳԵՂԱՐՔՈՒՆԻՔ,ԾԱԿՔԱՐ",40.58209,44.3681
ԳԵՂԱՐՔՈՒՆԻՔ,ԾՈՎԱՍԱՐ,"ԳԵՂԱՐՔՈՒՆԻՔ,ԾՈՎԱՍԱՐ",40.1382,45.19096
ԳԵՂԱՐՔՈՒՆԻՔ,ԼԻՃՔ,"ԳԵՂԱՐՔՈՒՆԻՔ,ԼԻՃՔ",41.1001,44.61951
ԳԵՂԱՐՔՈՒՆԻՔ,ՎԵՐԻՆ ԳԵՏԱՇԵՆ,"ԳԵՂԱՐՔՈՒՆԻՔ,ՎԵՐԻՆ ԳԵՏԱՇԵՆ",40.13328,45.25068
ԳԵՂԱՐՔՈՒՆԻՔ,ՆԵՐՔԻՆ ԳԵՏԱՇԵՆ,"ԳԵՂԱՐՔՈՒՆԻՔ,ՆԵՐՔԻՆ ԳԵՏԱՇԵՆ",40.14046,45.279
ԳԵՂԱՐՔՈՒՆԻՔ,ՄԱԴԻՆԱ,"ԳԵՂԱՐՔՈՒՆԻՔ,ՄԱԴԻՆԱ",24.46861,39.61417
ԳԵՂԱՐՔՈՒՆԻՔ,ԳԵՂՀՈՎԻՏ,"ԳԵՂԱՐՔՈՒՆԻՔ,ԳԵՂՀՈՎԻՏ",40.25568,45.14728
ԳԵՂԱՐՔՈՒՆԻՔ,ՎԱՂԱՇԵՆ,"ԳԵՂԱՐՔՈՒՆԻՔ,ՎԱՂԱՇԵՆ",40.13578,45.32879
ԳԵՂԱՐՔՈՒՆԻՔ,ԱՍՏՂԱՁՈՐ,"ԳԵՂԱՐՔՈՒՆԻՔ,ԱՍՏՂԱՁՈՐ",38.96948,46.37512
ԳԵՂԱՐՔՈՒՆԻՔ,ԶՈԼԱՔԱՐ,"ԳԵՂԱՐՔՈՒՆԻՔ,ԶՈԼԱՔԱՐ",40.12512,45.38068
ԳԵՂԱՐՔՈՒՆԻՔ,ՎԱՐԴԵՆԻԿ,"ԳԵՂԱՐՔՈՒՆԻՔ,ՎԱՐԴԵՆԻԿ",40.13928,45.43342
ԳԵՂԱՐՔՈՒՆԻՔ,ԾՈՎԻՆԱՐ,"ԳԵՂԱՐՔՈՒՆԻՔ,ԾՈՎԻՆԱՐ",40.207706,45.02926
ԳԵՂԱՐՔՈՒՆԻՔ,ԱՐԾՎԱՆԻՍՏ,"ԳԵՂԱՐՔՈՒՆԻՔ,ԱՐԾՎԱՆԻՍՏ",40.14857,45.50874
ԳԵՂԱՐՔՈՒՆԻՔ,ԿԱՐՃԱՂԲՅՈՒՐ,"ԳԵՂԱՐՔՈՒՆԻՔ,ԿԱՐՃԱՂԲՅՈՒՐ",40.17048,45.57785
ԳԵՂԱՐՔՈՒՆԻՔ,ԼՃԱՎԱՆ,"ԳԵՂԱՐՔՈՒՆԻՔ,ԼՃԱՎԱՆ",40.14917,45.6109
ԳԵՂԱՐՔՈՒՆԻՔ,ՄԱՔԵՆԻՍ,"ԳԵՂԱՐՔՈՒՆԻՔ,ՄԱՔԵՆԻՍ",40.12231,45.6167
ԳԵՂԱՐՔՈՒՆԻՔ,ԱԽՊՐԱՁՈՐ,"ԳԵՂԱՐՔՈՒՆԻՔ,ԱԽՊՐԱՁՈՐ",40.09767,45.64096
ԳԵՂԱՐՔՈՒՆԻՔ,ԾՈՎԱԿ,"ԳԵՂԱՐՔՈՒՆԻՔ,ԾՈՎԱԿ",40.207706,45.02926
ԳԵՂԱՐՔՈՒՆԻՔ,ՎԱՆԵՎԱՆ,"ԳԵՂԱՐՔՈՒՆԻՔ,ՎԱՆԵՎԱՆ",40.25568,45.14728
ԳԵՂԱՐՔՈՒՆԻՔ,ՏՈՐՖԱՎԱՆ,"ԳԵՂԱՐՔՈՒՆԻՔ,ՏՈՐՖԱՎԱՆ",40.207706,45.02926
ԳԵՂԱՐՔՈՒՆԻՔ,ԽԱՉԱՂԲՅՈՒՐ,"ԳԵՂԱՐՔՈՒՆԻՔ,ԽԱՉԱՂԲՅՈՒՐ",40.89172,44.98608
ԳԵՂԱՐՔՈՒՆԻՔ,ԼՈՒՍԱԿՈՒՆՔ,"ԳԵՂԱՐՔՈՒՆԻՔ,ԼՈՒՍԱԿՈՒՆՔ",40.25568,45.14728
ԳԵՂԱՐՔՈՒՆԻՔ,ԳԵՂԱՔԱՐ,"ԳԵՂԱՐՔՈՒՆԻՔ,ԳԵՂԱՔԱՐ",40.11568,45.68263
ԳԵՂԱՐՔՈՒՆԻՔ,ՎԱՐԴԵՆԻՍ,"ԳԵՂԱՐՔՈՒՆԻՔ,ՎԱՐԴԵՆԻՍ",40.18272,45.7311
ԳԵՂԱՐՔՈՒՆԻՔ,ԱԿՈՒՆՔ,"ԳԵՂԱՐՔՈՒՆԻՔ,ԱԿՈՒՆՔ",39.81531,45.65832
ԼՈՌԻ,ԽՆԿՈՅԱՆ,"ԼՈՌԻ,ԽՆԿՈՅԱՆ",40.161791,44.516892
ԼՈՌԻ,ԼՈՒՍԱՂԲՅՈՒՐ,"ԼՈՌԻ,ԼՈՒՍԱՂԲՅՈՒՐ",41.05292,44.05548
ԼՈՌԻ,ՍԱՐԱԼԱՆՋ,"ԼՈՌԻ,ՍԱՐԱԼԱՆՋ",40.87334,44.09878
ԼՈՌԻ,ՀԱՐԹԱԳՅՈՒՂ,"ԼՈՌԻ,ՀԱՐԹԱԳՅՈՒՂ",40.161791,44.516892
ԼՈՌԻ,ԾԱՂԿԱԲԵՐ,"ԼՈՌԻ,ԾԱՂԿԱԲԵՐ",40.161791,44.516892
ԼՈՌԻ,ՄԵԾ ՊԱՐՆԻ,"ԼՈՌԻ,ՄԵԾ ՊԱՐՆԻ",40.161791,44.516892
ԼՈՌԻ,ԿԱԹՆԱՋՈՒՐ,"ԼՈՌԻ,ԿԱԹՆԱՋՈՒՐ",40.82323,44.14137
ԼՈՌԻ,ՇԻՐԱԿԱՄՈՒՏ,"ԼՈՌԻ,ՇԻՐԱԿԱՄՈՒՏ",40.86056,44.15278
ԼՈՌԻ,ԳԵՂԱՍԱՐ,"ԼՈՌԻ,ԳԵՂԱՍԱՐ",40.937581,44.468723
ԼՈՌԻ,ԳՈԳԱՐԱՆ,"ԼՈՌԻ,ԳՈԳԱՐԱՆ",40.89255,44.19915
ԼՈՌԻ,ՍԱՐԱՀԱՐԹ,"ԼՈՌԻ,ՍԱՐԱՀԱՐԹ",40.87043,44.21407
ԼՈՌԻ,ՇԵՆԱՎԱՆ,"ԼՈՌԻ,ՇԵՆԱՎԱՆ",40.05486,43.92876
ԼՈՌԻ,ԼԵՌՆԱՎԱՆ,"ԼՈՌԻ,ԼԵՌՆԱՎԱՆ",39.84874,46.74056
ԼՈՌԻ,ՋՐԱՇԵՆ,"ԼՈՌԻ,ՋՐԱՇԵՆ",40.79028,44.18664
ԼՈՌԻ,ՍԱՐԱՄԵՋ,"ԼՈՌԻ,ՍԱՐԱՄԵՋ",40.77487,44.2222
ԼՈՌԻ,ՍՊԻՏԱԿ,"ԼՈՌԻ,ՍՊԻՏԱԿ",40.49731,44.31811
ԼՈՌԻ,ԼԵՌՆԱՆՑՔ,"ԼՈՌԻ,ԼԵՌՆԱՆՑՔ",40.79532,44.27435
ԼՈՌԻ,ԱՐԵՎԱՇՈՂ,"ԼՈՌԻ,ԱՐԵՎԱՇՈՂ",40.161791,44.516892
ԼՈՌԻ,ՔԱՐԱՁՈՐ,"ԼՈՌԻ,ՔԱՐԱՁՈՐ",40.84609,44.32115
ԼՈՌԻ,ՂՈՒՐՍԱԼԻ,"ԼՈՌԻ,ՂՈՒՐՍԱԼԻ",40.161791,44.516892
ԼՈՌԻ,ՆՈՐ ԽԱՉԱԿԱՊ,"ԼՈՌԻ,ՆՈՐ ԽԱՉԱԿԱՊ",40.83822,44.3567
ԼՈՌԻ,ԳՅՈՒԼԱԳԱՐԱԿ,"ԼՈՌԻ,ԳՅՈՒԼԱԳԱՐԱԿ",40.161791,44.516892
ԼՈՌԻ,ԼԵՌՆԱՊԱՏ,"ԼՈՌԻ,ԼԵՌՆԱՊԱՏ",40.81538,44.39344
ԼՈՌԻ,ՀԱԼԱՎԱՐ,"ԼՈՌԻ,ՀԱԼԱՎԱՐ",40.937581,44.468723
ԼՈՌԻ,ԱՐՋՈՒՏ,"ԼՈՌԻ,ԱՐՋՈՒՏ",40.937581,44.468723
ԼՈՌԻ,ԲԱԶՈՒՄ,"ԼՈՌԻ,ԲԱԶՈՒՄ",40.161791,44.516892
ԼՈՌԻ,ԱԶՆՎԱՁՈՐ,"ԼՈՌԻ,ԱԶՆՎԱՁՈՐ",40.161791,44.516892
ԼՈՌԻ,ԴԱՐՊԱՍ,"ԼՈՌԻ,ԴԱՐՊԱՍ",40.83674,44.42494
ԼՈՌԻ,ՎԱՆԱՁՈՐ,"ԼՈՌԻ,ՎԱՆԱՁՈՐ",40.8098948,44.4967674947463
ԼՈՌԻ,ԳՈՒԳԱՐՔ,"ԼՈՌԻ,ԳՈՒԳԱՐՔ",40.8046,44.54025
ԼՈՌԻ,ՇԱՀՈՒՄՅԱՆ,"ԼՈՌԻ,ՇԱՀՈՒՄՅԱՆ",41.35272,44.76178
ԼՈՌԻ,ԼԵՐՄՈՆՏՈՎՈ,"ԼՈՌԻ,ԼԵՐՄՈՆՏՈՎՈ",40.7602,44.63163
ԼՈՌԻ,ԱՆՏԱՌԱՇԵՆ,"ԼՈՌԻ,ԱՆՏԱՌԱՇԵՆ",40.74451,44.62091
ԼՈՌԻ,ՄԱՐԳԱՀՈՎԻՏ,"ԼՈՌԻ,ՄԱՐԳԱՀՈՎԻՏ",40.73381,44.68474
ԼՈՌԻ,ՖԻՈԼԵՏՈՎՈ,"ԼՈՌԻ,ՖԻՈԼԵՏՈՎՈ",40.72241,44.71769
ԼՈՌԻ,ՔԱՐԱԲԵՐԴ,"ԼՈՌԻ,ՔԱՐԱԲԵՐԴ",40.54309,43.83331
ԼՈՌԻ,ՓԱՄԲԱԿ,"ԼՈՌԻ,ՓԱՄԲԱԿ",40.37974,45.5324
ԼՈՌԻ,ՎԱՀԱԳՆԱՁՈՐ,"ԼՈՌԻ,ՎԱՀԱԳՆԱՁՈՐ",40.937581,44.468723
ԼՈՌԻ,ՎԱՀԱԳՆԻ,"ԼՈՌԻ,ՎԱՀԱԳՆԻ",40.90698,44.60873
ԼՈՌԻ,ԱՆՏԱՌԱՄՈՒՏ,"ԼՈՌԻ,ԱՆՏԱՌԱՄՈՒՏ",40.93317,44.56243
ԼՈՌԻ,ԵՂԵԳՆՈՒՏ,"ԼՈՌԻ,ԵՂԵԳՆՈՒՏ",41.10687,44.91669
ԼՈՌԻ,ԴԵԲԵԴ,"ԼՈՌԻ,ԴԵԲԵԴ",40.161791,44.516892
ԼՈՌԻ,ՁՈՐԱԳԵՏ,"ԼՈՌԻ,ՁՈՐԱԳԵՏ",40.937581,44.468723
ԼՈՌԻ,ՁՈՐԱԳՅՈՒՂ,"ԼՈՌԻ,ՁՈՐԱԳՅՈՒՂ",41.15973,43.8847
ԼՈՌԻ,ՉԿԱԼՈՎ,"ԼՈՌԻ,ՉԿԱԼՈՎ",40.93403,44.65193
ԼՈՌԻ,ԴՍԵՂ,"ԼՈՌԻ,ԴՍԵՂ",40.9617,44.65003
ԼՈՌԻ,ԹՈՒՄԱՆՅԱՆ,"ԼՈՌԻ,ԹՈՒՄԱՆՅԱՆ",40.8098948,44.4967674947463
ԼՈՌԻ,ԱԼԱՎԵՐԴԻ,"ԼՈՌԻ,ԱԼԱՎԵՐԴԻ",41.09766,44.67316
ԼՈՌԻ,ԱԽԹԱԼԱ,"ԼՈՌԻ,ԱԽԹԱԼԱ",41.15192,44.76678
ԼՈՌԻ,ՇՆՈՂ,"ԼՈՌԻ,ՇՆՈՂ",40.84168,44.83209
ԼՈՌԻ,ԼՈՌԻ ԲԵՐԴ,"ԼՈՌԻ,ԼՈՌԻ ԲԵՐԴ",41.0022026,44.4306767405478
ԼՈՌԻ,ՄԵԾԱՎԱՆ,"ԼՈՌԻ,ՄԵԾԱՎԱՆ",41.20156,44.22877
ԼՈՌԻ,ՍԱՐՉԱՊԵՏ,"ԼՈՌԻ,ՍԱՐՉԱՊԵՏ",41.196,44.38432
ԼՈՌԻ,ՍՏԵՓԱՆԱՎԱՆ,"ԼՈՌԻ,ՍՏԵՓԱՆԱՎԱՆ",41.0085512,44.3845149
ԼՈՌԻ,ՏԱՇԻՐ,"ԼՈՌԻ,ՏԱՇԻՐ",41.12072,44.28462
ԼՈՌԻ,ՕՁՈՒՆ,"ԼՈՌԻ,ՕՁՈՒՆ",41.05321,44.61341
ԿՈՏԱՅՔ,ՀՐԱԶԴԱՆ,"ԿՈՏԱՅՔ,ՀՐԱԶԴԱՆ",40.52134195,44.7571474689781
ԿՈՏԱՅՔ,ԾԱՂԿԱՁՈՐ,"ԿՈՏԱՅՔ,ԾԱՂԿԱՁՈՐ",40.5301581,44.670194998233
ԿՈՏԱՅՔ,ՍՈԼԱԿ,"ԿՈՏԱՅՔ,ՍՈԼԱԿ",40.46361,44.7086
ԿՈՏԱՅՔ,ՔԱՂՍԻ,"ԿՈՏԱՅՔ,ՔԱՂՍԻ",40.4759717,44.7431438
ԿՈՏԱՅՔ,ԼԵՌՆԱՆԻՍՏ,"ԿՈՏԱՅՔ,ԼԵՌՆԱՆԻՍՏ",40.4677918,44.7923682
ԿՈՏԱՅՔ,ՋՐԱՌԱՏ,"ԿՈՏԱՅՔ,ՋՐԱՌԱՏ",40.54932,44.76084
ԿՈՏԱՅՔ,ՄԵՂՐԱՁՈՐ,"ԿՈՏԱՅՔ,ՄԵՂՐԱՁՈՐ",40.6397232,44.6466237
ԿՈՏԱՅՔ,ԵՂՎԱՐԴ,"ԿՈՏԱՅՔ,ԵՂՎԱՐԴ",40.3214049,44.4813889
ԿՈՏԱՅՔ,ՉԱՐԵՆՑԱՎԱՆ,"ԿՈՏԱՅՔ,ՉԱՐԵՆՑԱՎԱՆ",40.4029877,44.6469349
ԿՈՏԱՅՔ,ԱՐԳԵԼ,"ԿՈՏԱՅՔ,ԱՐԳԵԼ",40.37943,44.59945
ԿՈՏԱՅՔ,ԹԵՂԵՆԻՔ,"ԿՈՏԱՅՔ,ԹԵՂԵՆԻՔ",40.42389,44.57557
ԿՈՏԱՅՔ,ՆՈՐ ԱՐՏԱՄԵՏ,"ԿՈՏԱՅՔ,ՆՈՐ ԱՐՏԱՄԵՏ",40.3002526,44.5576341
ԿՈՏԱՅՔ,ՆՈՐ ԵՐԶՆԿԱ,"ԿՈՏԱՅՔ,ՆՈՐ ԵՐԶՆԿԱ",40.313845,44.4055455
ԿՈՏԱՅՔ,ՊՌՈՇՅԱՆ,"ԿՈՏԱՅՔ,ՊՌՈՇՅԱՆ",40.3196059,44.4831191
ԿՈՏԱՅՔ,ՔԱՍԱԽ,"ԿՈՏԱՅՔ,ՔԱՍԱԽ",40.2335811,44.4511178
ԿՈՏԱՅՔ,ՔԱՐԱՇԱՄԲ,"ԿՈՏԱՅՔ,ՔԱՐԱՇԱՄԲ",40.40696,44.575906
ԿՈՏԱՅՔ,ՆՈՐ ՀԱՃՆ,"ԿՈՏԱՅՔ,ՆՈՐ ՀԱՃՆ",40.3006902,44.5803502
ԿՈՏԱՅՔ,ԲՅՈՒՐԵՂԱՎԱՆ,"ԿՈՏԱՅՔ,ԲՅՈՒՐԵՂԱՎԱՆ",40.3122738,44.5977256
ԿՈՏԱՅՔ,ԱԿՈՒՆՔ,"ԿՈՏԱՅՔ,ԱԿՈՒՆՔ",40.2673488,44.6850728
ԿՈՏԱՅՔ,ԱՐԱՄՈՒՍ,"ԿՈՏԱՅՔ,ԱՐԱՄՈՒՍ",40.2491983,44.6629993
ԿՈՏԱՅՔ,ԱՐԶՆԻ,"ԿՈՏԱՅՔ,ԱՐԶՆԻ",40.2964841,44.5952192
ԿՈՏԱՅՔ,ԳԵՂԱՇԵՆ,"ԿՈՏԱՅՔ,ԳԵՂԱՇԵՆ",40.2276972,44.7234634
ԿՈՏԱՅՔ,ԳԵՏԱՄԵՋ,"ԿՈՏԱՅՔ,ԳԵՏԱՄԵՋ",40.271794,44.5815385
ԿՈՏԱՅՔ,ԿԱԹՆԱՂԲՅՈՒՐ,"ԿՈՏԱՅՔ,ԿԱԹՆԱՂԲՅՈՒՐ",40.2559334,44.6783773
ԿՈՏԱՅՔ,ԿԱՄԱՐԻՍ,"ԿՈՏԱՅՔ,ԿԱՄԱՐԻՍ",40.2385951,44.692118
ԿՈՏԱՅՔ,ՄՐԳԱՇԵՆ,"ԿՈՏԱՅՔ,ՄՐԳԱՇԵՆ",40.2840709,44.539769
ԿՈՏԱՅՔ,ՆՈՐ ԳԵՂԻ,"ԿՈՏԱՅՔ,ՆՈՐ ԳԵՂԻ",40.3170555,44.5780427
ԿՈՏԱՅՔ,ՔԱՆԱՔԵՌԱՎԱՆ,"ԿՈՏԱՅՔ,ՔԱՆԱՔԵՌԱՎԱՆ",40.24739,44.53511
ԿՈՏԱՅՔ,ԱԲՈՎՅԱՆ,"ԿՈՏԱՅՔ,ԱԲՈՎՅԱՆ",40.2714761,44.6333951
ԿՈՏԱՅՔ,ԱՌԻՆՋ,"ԿՈՏԱՅՔ,ԱՌԻՆՋ",40.2319916,44.580787
ԿՈՏԱՅՔ,ԲԱԼԱՀՈՎԻՏ,"ԿՈՏԱՅՔ,ԲԱԼԱՀՈՎԻՏ",40.2554428,44.6019412
ԿՈՏԱՅՔ,ԳԱՌՆԻ,"ԿՈՏԱՅՔ,ԳԱՌՆԻ",40.1182057,44.7285764
ԿՈՏԱՅՔ,ԳԵՂԱԴԻՐ,"ԿՈՏԱՅՔ,ԳԵՂԱԴԻՐ",40.1538525,44.6531421
ԿՈՏԱՅՔ,ԳԵՂԱՐԴ,"ԿՈՏԱՅՔ,ԳԵՂԱՐԴ",40.1286026,44.7779851
ԿՈՏԱՅՔ,ԳԵՏԱՐԳԵԼ,"ԿՈՏԱՅՔ,ԳԵՏԱՐԳԵԼ",40.2445502,44.596703
ԿՈՏԱՅՔ,ԳՈՂԹ,"ԿՈՏԱՅՔ,ԳՈՂԹ",40.1384828,44.7857223
ԿՈՏԱՅՔ,ՀԱՑԱՎԱՆ,"ԿՈՏԱՅՔ,ՀԱՑԱՎԱՆ",40.1385305,44.6516783
ԿՈՏԱՅՔ,ՄԱՅԱԿՈՎՍԿԻ,"ԿՈՏԱՅՔ,ՄԱՅԱԿՈՎՍԿԻ",40.24782415,44.6348827078344
ԿՈՏԱՅՔ,ՈՂՋԱԲԵՐԴ,"ԿՈՏԱՅՔ,ՈՂՋԱԲԵՐԴ",40.1728549,44.6432385
ԿՈՏԱՅՔ,ՊՏՂՆԻ,"ԿՈՏԱՅՔ,ՊՏՂՆԻ",40.2562765,44.5835397
ԿՈՏԱՅՔ,ՋՐՎԵԺ,"ԿՈՏԱՅՔ,ՋՐՎԵԺ",40.188762,44.635852
ԿՈՏԱՅՔ,ՎԵՐԻՆ ՊՏՂՆԻ,"ԿՈՏԱՅՔ,ՎԵՐԻՆ ՊՏՂՆԻ",40.2462906,44.5821299
ԵՐԵՎԱՆ,ՔԱՆԱՔԵՌ-ԶԵՅԹՈՒՆ,"ԵՐԵՎԱՆ,ՔԱՆԱՔԵՌ-ԶԵՅԹՈՒՆ",40.2042749,44.5326416
ՇԻՐԱԿ,ԱՇՈՑՔ,"ՇԻՐԱԿ,ԱՇՈՑՔ",41.0362716,43.8406152
ՇԻՐԱԿ,ՍԱՐԱՊԱՏ,"ՇԻՐԱԿ,ՍԱՐԱՊԱՏ",40.9342312,44.0451805
ՇԻՐԱԿ,ԱՐՓԻ,"ՇԻՐԱԿ,ԱՐՓԻ",41.06166165,43.6262089610804
ՇԻՐԱԿ,ԱՄԱՍԻԱ,"ՇԻՐԱԿ,ԱՄԱՍԻԱ",40.9573106,43.7856103
ՇԻՐԱԿ,ՄԱՐՄԱՇԵՆ,"ՇԻՐԱԿ,ՄԱՐՄԱՇԵՆ",40.836959,43.7789881
ՇԻՐԱԿ,ԱՌԱՓԻ,"ՇԻՐԱԿ,ԱՌԱՓԻ",40.7772449,43.8071376
ՇԻՐԱԿ,ՀԱՅԿԱՎԱՆ,"ՇԻՐԱԿ,ՀԱՅԿԱՎԱՆ",40.8031125,43.7531033
ՇԻՐԱԿ,ՈՍԿԵՀԱՍԿ,"ՇԻՐԱԿ,ՈՍԿԵՀԱՍԿ",40.7616989,43.7760322
ՇԻՐԱԿ,ԳՅՈՒՄՐԻ,"ՇԻՐԱԿ,ԳՅՈՒՄՐԻ",40.7852085,43.8416095
ՇԻՐԱԿ,ԱԶԱՏԱՆ,"ՇԻՐԱԿ,ԱԶԱՏԱՆ",40.7183874,43.8271084
ՇԻՐԱԿ,ԱԽՈՒՐԻԿ,"ՇԻՐԱԿ,ԱԽՈՒՐԻԿ",40.7442347,43.7770408
ՇԻՐԱԿ,ԱԽՈՒՐՅԱՆ,"ՇԻՐԱԿ,ԱԽՈՒՐՅԱՆ",40.6094279,43.6996125
ՇԻՐԱԿ,ԲԱՅԱՆԴՈՒՐ,"ՇԻՐԱԿ,ԲԱՅԱՆԴՈՒՐ",40.6940516,43.7681809
ՇԻՐԱԿ,ԲԵՆԻԱՄԻՆ,"ՇԻՐԱԿ,ԲԵՆԻԱՄԻՆ",40.6901634,43.849853
ՇԻՐԱԿ,ԳԵՏՔ,"ՇԻՐԱԿ,ԳԵՏՔ",40.7282782,43.7865051
ՇԻՐԱԿ,ԵՐԱԶԳԱՎՈՐՍ,"ՇԻՐԱԿ,ԵՐԱԶԳԱՎՈՐՍ",40.7035847,43.7757748
ՇԻՐԱԿ,ՂԱՐԻԲՋԱՆՅԱՆ,"ՇԻՐԱԿ,ՂԱՐԻԲՋԱՆՅԱՆ",40.7408042,43.7996074
ՇԻՐԱԿ,ԱՐԹԻԿ,"ՇԻՐԱԿ,ԱՐԹԻԿ",40.6198428,43.9707866
ՇԻՐԱԿ,ՀԱՌԻՃ,"ՇԻՐԱԿ,ՀԱՌԻՃ",40.6078779,44.0023026
ՇԻՐԱԿ,ՆԱՀԱՊԵՏԱՎԱՆ,"ՇԻՐԱԿ,ՆԱՀԱՊԵՏԱՎԱՆ",40.6078779,44.0148101
ՇԻՐԱԿ,ՍԱՐԱԼԱՆՋ,"ՇԻՐԱԿ,ՍԱՐԱԼԱՆՋ",40.6208158,44.0206176
ՇԻՐԱԿ,ՓՈՔՐ ՄԱՆԹԱՇ,"ՇԻՐԱԿ,ՓՈՔՐ ՄԱՆԹԱՇ",40.640404,44.0434074
ՇԻՐԱԿ,ՄԵԾ ՄԱՆԹԱՇ,"ՇԻՐԱԿ,ՄԵԾ ՄԱՆԹԱՇ",40.645334,44.0560551
ՇԻՐԱԿ,ԱՐԵՎՇԱՏ,"ՇԻՐԱԿ,ԱՐԵՎՇԱՏ",40.6527231,44.0448054
ՇԻՐԱԿ,ՍՊԱՆԴԱՐՅԱՆ,"ՇԻՐԱԿ,ՍՊԱՆԴԱՐՅԱՆ",40.6616436,44.0220023
ՇԻՐԱԿ,ԳԵՂԱՆԻՍՏ,"ՇԻՐԱԿ,ԳԵՂԱՆԻՍՏ",40.6828266,44.0251372
ՇԻՐԱԿ,ԳԵՏԱՓ,"ՇԻՐԱԿ,ԳԵՏԱՓ",40.6599742,43.9953912
ՇԻՐԱԿ,ԱՆՈՒՇԱՎԱՆ,"ՇԻՐԱԿ,ԱՆՈՒՇԱՎԱՆ",40.6488386,43.9769959
ՇԻՐԱԿ,ՓԱՆԻԿ,"ՇԻՐԱԿ,ՓԱՆԻԿ",40.6617127,43.9718479
ՇԻՐԱԿ,ՄԵՂՐԱՇԵՆ,"ՇԻՐԱԿ,ՄԵՂՐԱՇԵՆ",40.6694795,43.9581492
ՇԻՐԱԿ,ՆՈՐ ԿՅԱՆՔ,"ՇԻՐԱԿ,ՆՈՐ ԿՅԱՆՔ",40.6561601,43.9286193
ՇԻՐԱԿ,ՎԱՐԴԱՔԱՐ,"ՇԻՐԱԿ,ՎԱՐԴԱՔԱՐ",40.6642983,43.9196714
ՇԻՐԱԿ,ՀՈՎՏԱՇԵՆ,"ՇԻՐԱԿ,ՀՈՎՏԱՇԵՆ",40.668392,43.8929668
ՇԻՐԱԿ,ՀՈՌՈՄ,"ՇԻՐԱԿ,ՀՈՌՈՄ",40.6616279,43.8885835
ՇԻՐԱԿ,ՍԱՐԱՏԱԿ,"ՇԻՐԱԿ,ՍԱՐԱՏԱԿ",40.6701157,43.8699193
ՇԻՐԱԿ,ԼՈՒՍԱԿԵՐՏ,"ՇԻՐԱԿ,ԼՈՒՍԱԿԵՐՏ",40.673543,43.8571428
ՇԻՐԱԿ,ՀԱՅՐԵՆՅԱՑ,"ՇԻՐԱԿ,ՀԱՅՐԵՆՅԱՑ",40.6304753,43.8726779
ՇԻՐԱԿ,ՀԱՅԿԱՍԱՐ,"ՇԻՐԱԿ,ՀԱՅԿԱՍԱՐ",40.6048039,43.8869223
ՇԻՐԱԿ,ՏՈՒՖԱՇԵՆ,"ՇԻՐԱԿ,ՏՈՒՖԱՇԵՆ",40.6045388,43.9170375
ՇԻՐԱԿ,ԼԵՌՆԱԿԵՐՏ,"ՇԻՐԱԿ,ԼԵՌՆԱԿԵՐՏ",40.561653,43.9391868
ՇԻՐԱԿ,ՊԵՄԶԱՇԵՆ,"ՇԻՐԱԿ,ՊԵՄԶԱՇԵՆ",40.5853531,43.9385285
ՇԻՐԱԿ,ԱՆԻ,"ՇԻՐԱԿ,ԱՆԻ",40.828765,43.8284292473001
ՍՅՈՒՆԻՔ,ԳՈՐԻՍ,"ՍՅՈՒՆԻՔ,ԳՈՐԻՍ",39.5093282,46.3390812
ՍՅՈՒՆԻՔ,ՍԻՍԻԱՆ,"ՍՅՈՒՆԻՔ,ՍԻՍԻԱՆ",39.52102,46.03581
ՍՅՈՒՆԻՔ,ԳՈՐԱՅՔ,"ՍՅՈՒՆԻՔ,ԳՈՐԱՅՔ",39.374087,46.146743
ՍՅՈՒՆԻՔ,ՏԱԹԵՎ,"ՍՅՈՒՆԻՔ,ՏԱԹԵՎ",39.20793,46.48251
ՍՅՈՒՆԻՔ,ՏԵՂ,"ՍՅՈՒՆԻՔ,ՏԵՂ",39.55792,46.47723
ՍՅՈՒՆԻՔ,ԿԱՊԱՆ,"ՍՅՈՒՆԻՔ,ԿԱՊԱՆ",39.1710462,46.4267047
ՍՅՈՒՆԻՔ,ՔԱՋԱՐԱՆ,"ՍՅՈՒՆԻՔ,ՔԱՋԱՐԱՆ",39.1557,46.13348
ՍՅՈՒՆԻՔ,ՄԵՂՐԻ,"ՍՅՈՒՆԻՔ,ՄԵՂՐԻ",38.90292,46.24458
ՎԱՅՈՑ ՁՈՐ,ԵՂԵԳՆԱՁՈՐ,"ՎԱՅՈՑ ՁՈՐ,ԵՂԵԳՆԱՁՈՐ",39.7591317,45.3320458
ՎԱՅՈՑ ՁՈՐ,ԱՐԵՆԻ,"ՎԱՅՈՑ ՁՈՐ,ԱՐԵՆԻ",39.7272242,45.1883125
ՎԱՅՈՑ ՁՈՐ,ԳԼԱՁՈՐ,"ՎԱՅՈՑ ՁՈՐ,ԳԼԱՁՈՐ",39.7767024,45.3447891
ՎԱՅՈՑ ՁՈՐ,ԵՂԵԳԻՍ,"ՎԱՅՈՑ ՁՈՐ,ԵՂԵԳԻՍ",39.8725793,45.3593006
ՎԱՅՈՑ ՁՈՐ,ՄԱԼԻՇԿԱ,"ՎԱՅՈՑ ՁՈՐ,ՄԱԼԻՇԿԱ",39.7383027,45.390763
ՎԱՅՈՑ ՁՈՐ,ՎԱՅՔ,"ՎԱՅՈՑ ՁՈՐ,ՎԱՅՔ",39.6939049,45.4565871
ՎԱՅՈՑ ՁՈՐ,ԶԱՌԻԹԱՓ,"ՎԱՅՈՑ ՁՈՐ,ԶԱՌԻԹԱՓ",39.6364517,45.5107462
ՎԱՅՈՑ ՁՈՐ,ՋԵՐՄՈՒԿ,"ՎԱՅՈՑ ՁՈՐ,ՋԵՐՄՈՒԿ",39.8388185,45.6712635
ՏԱՎՈՒՇ,ՆՈՅԵՄԲԵՐՅԱՆ,"ՏԱՎՈՒՇ,ՆՈՅԵՄԲԵՐՅԱՆ",41.17244,44.99917
ՏԱՎՈՒՇ,ԿՈՂԲ,"ՏԱՎՈՒՇ,ԿՈՂԲ",40.842394,45.369082
ՏԱՎՈՒՇ,ԱՅՐՈՒՄ,"ՏԱՎՈՒՇ,ԱՅՐՈՒՄ",40.14513,46.0007
ՏԱՎՈՒՇ,ԲԵՐՔԱԲԵՐ,"ՏԱՎՈՒՇ,ԲԵՐՔԱԲԵՐ",41.05571,45.14715
ՏԱՎՈՒՇ,ԿԻՐԱՆՑ,"ՏԱՎՈՒՇ,ԿԻՐԱՆՑ",41.04737,45.09915
ՏԱՎՈՒՇ,ԱՃԱՐԿՈՒՏ,"ՏԱՎՈՒՇ,ԱՃԱՐԿՈՒՏ",41.03607,45.08893
ՏԱՎՈՒՇ,ՍԱՐԻԳՅՈՒՂ,"ՏԱՎՈՒՇ,ՍԱՐԻԳՅՈՒՂ",41.03531,45.14486
ՏԱՎՈՒՇ,ԾԱՂԿԱՎԱՆ,"ՏԱՎՈՒՇ,ԾԱՂԿԱՎԱՆ",40.94128,45.33076
ՏԱՎՈՒՇ,ՍԵՎՔԱՐ,"ՏԱՎՈՒՇ,ՍԵՎՔԱՐ",40.91996,45.40216
ՏԱՎՈՒՇ,ԱՉԱՋՈՒՐ,"ՏԱՎՈՒՇ,ԱՉԱՋՈՒՐ",40.75708,44.7403
ՏԱՎՈՒՇ,ԴԻՏԱՎԱՆ,"ՏԱՎՈՒՇ,ԴԻՏԱՎԱՆ",40.91996,45.40216
ՏԱՎՈՒՇ,ԱԶԱՏԱՄՈՒՏ,"ՏԱՎՈՒՇ,ԱԶԱՏԱՄՈՒՏ",40.98847,45.20097
ՏԱՎՈՒՇ,ԱՅԳԵՀՈՎԻՏ,"ՏԱՎՈՒՇ,ԱՅԳԵՀՈՎԻՏ",39.36185,46.67812
ՏԱՎՈՒՇ,ՎԱԶԱՇԵՆ,"ՏԱՎՈՒՇ,ՎԱԶԱՇԵՆ",40.91996,45.40216
ՏԱՎՈՒՇ,ԴԻԼԻՋԱՆ,"ՏԱՎՈՒՇ,ԴԻԼԻՋԱՆ",40.76550875,44.92130045
ՏԱՎՈՒՇ,ԳԱՆՁԱՔԱՐ,"ՏԱՎՈՒՇ,ԳԱՆՁԱՔԱՐ",40.84508,45.16136
ՏԱՎՈՒՇ,ԻՋԵՎԱՆ,"ՏԱՎՈՒՇ,ԻՋԵՎԱՆ",40.842394,45.369082
ՏԱՎՈՒՇ,ԳԵՏԱՀՈՎԻՏ,"ՏԱՎՈՒՇ,ԳԵՏԱՀՈՎԻՏ",40.89782,45.13924
ՏԱՎՈՒՇ,ԵՆՈՔԱՎԱՆ,"ՏԱՎՈՒՇ,ԵՆՈՔԱՎԱՆ",40.91291,45.10742
ՏԱՎՈՒՇ,ԼՈՒՍԱՁՈՐ,"ՏԱՎՈՒՇ,ԼՈՒՍԱՁՈՐ",39.89275,46.73459
ՏԱՎՈՒՇ,ԽԱՇԹԱՌԱԿ,"ՏԱՎՈՒՇ,ԽԱՇԹԱՌԱԿ",40.89313,45.05548
ՏԱՎՈՒՇ,ԼՈՒՍԱՀՈՎԻՏ,"ՏԱՎՈՒՇ,ԼՈՒՍԱՀՈՎԻՏ",40.91996,45.40216
ՏԱՎՈՒՇ,ԱԿՆԱՂԲՅՈՒՐ,"ՏԱՎՈՒՇ,ԱԿՆԱՂԲՅՈՒՐ",39.70736,46.86589
ՏԱՎՈՒՇ,ԲԵՐԴ,"ՏԱՎՈՒՇ,ԲԵՐԴ",40.88149,45.38985
ԵՐԵՎԱՆ,ԱՐԱԲԿԻՐ,"ԵՐԵՎԱՆ,ԱՐԱԲԿԻՐ",40.20556335,44.5082210096932
ԵՐԵՎԱՆ,ԴԱՎԹԱՇԵՆ,"ԵՐԵՎԱՆ,ԴԱՎԹԱՇԵՆ",40.3602964,43.9558786
ԵՐԵՎԱՆ,ԱՋԱՓՆՅԱԿ,"ԵՐԵՎԱՆ,ԱՋԱՓՆՅԱԿ",40.2003857,44.4708962633993
ԵՐԵՎԱՆ,ՄԱԼԱԹԻԱ-ՍԵԲԱՍՏԻԱ,"ԵՐԵՎԱՆ,ՄԱԼԱԹԻԱ-ՍԵԲԱՍՏԻԱ",40.17971785,44.4442373169539
ԵՐԵՎԱՆ,ՇԵՆԳԱՎԻԹ,"ԵՐԵՎԱՆ,ՇԵՆԳԱՎԻԹ",40.15662785,44.476519178778
ԵՐԵՎԱՆ,ՆՈՐՔ-ՄԱՐԱՇ,"ԵՐԵՎԱՆ,ՆՈՐՔ-ՄԱՐԱՇ",40.1800138,44.5436648069405
ԵՐԵՎԱՆ,ԿԵՆՏՐՈՆ,"ԵՐԵՎԱՆ,ԿԵՆՏՐՈՆ",40.17846835,44.5055715542357
